DATE,TIME,BOROUGH,ZIP CODE,LATITUDE,LONGITUDE,LOCATION,ON STREET NAME,CROSS STREET NAME,OFF STREET NAME,NUMBER OF PERSONS INJURED,NUMBER OF PERSONS KILLED,NUMBER OF PEDESTRIANS INJURED,NUMBER OF PEDESTRIANS KILLED,NUMBER OF CYCLIST INJURED,NUMBER OF CYCLIST KILLED,NUMBER OF MOTORIST INJURED,NUMBER OF MOTORIST KILLED,CONTRIBUTING FACTOR VEHICLE 1,CONTRIBUTING FACTOR VEHICLE 2,CONTRIBUTING FACTOR VEHICLE 3,CONTRIBUTING FACTOR VEHICLE 4,CONTRIBUTING FACTOR VEHICLE 5,UNIQUE KEY,VEHICLE TYPE CODE 1,VEHICLE TYPE CODE 2,VEHICLE TYPE CODE 3,VEHICLE TYPE CODE 4,VEHICLE TYPE CODE 5
12/31/2016,9:56,,,,,,2 AVENUE,,,0,0,0,0,0,0,0,0,Driver Inattention/Distraction,Driver Inattention/Distraction,,,,3589858,TAXI,PASSENGER VEHICLE,,,
12/31/2016,9:55,BRONX,10462,40.8352098,-73.8549717,"(40.8352098, -73.8549717)",UNIONPORT ROAD,OLMSTEAD AVENUE,,0,0,0,0,0,0,0,0,Traffic Control Disregarded,Driver Inattention/Distraction,,,,3590568,SPORT UTILITY / STATION WAGON,PASSENGER VEHICLE,,,
12/31/2016,9:50,,,,,,JESUP AVENUE,,,0,0,0,0,0,0,0,0,Unspecified,Unspecified,,,,3589918,SPORT UTILITY / STATION WAGON,,,,
12/31/2016,9:40,BROOKLYN,11225,40.6691137,-73.9533541,"(40.6691137, -73.9533541)",ROGERS AVENUE,UNION STREET,,0,0,0,0,0,0,0,0,Passing or Lane Usage Improper,Unspecified,,,,3593758,PASSENGER VEHICLE,,,,
12/31/2016,20:23,BROOKLYN,11209,40.6257805,-74.0241544,"(40.6257805, -74.0241544)",80 STREET,5 AVENUE,,0,0,0,0,0,0,0,0,Outside Car Distraction,,,,,3590802,SPORT UTILITY / STATION WAGON,SPORT UTILITY / STATION WAGON,,,
12/31/2016,20:20,QUEENS,11375,40.719584,-73.8397723,"(40.719584, -73.8397723)",ASCAN AVENUE,QUEENS BOULEVARD,,0,0,0,0,0,0,0,0,Failure to Yield Right-of-Way,Unspecified,,,,3589921,PASSENGER VEHICLE,,,,
12/31/2016,20:15,BROOKLYN,11204,,,,60 STREET,BAY PARKWAY,,0,0,0,0,0,0,0,0,Alcohol Involvement,Unspecified,Unspecified,,,3591509,PASSENGER VEHICLE,TAXI,PASSENGER VEHICLE,,
12/31/2016,20:10,,,40.6647944,-73.8204653,"(40.6647944, -73.8204653)",,,,0,0,0,0,0,0,0,0,Driver Inattention/Distraction,Unspecified,,,,3589860,PASSENGER VEHICLE,SPORT UTILITY / STATION WAGON,,,
12/31/2016,20:10,,,,,,69 STREET,37 AVENUE,,0,0,0,0,0,0,0,0,Driver Inattention/Distraction,Driver Inattention/Distraction,,,,3589922,SPORT UTILITY / STATION WAGON,SPORT UTILITY / STATION WAGON,,,
12/31/2016,20:05,BRONX,10457,40.8542925,-73.9002599,"(40.8542925, -73.9002599)",RYER AVENUE,EAST 181 STREET,,0,0,0,0,0,0,0,0,Unspecified,,,,,3589919,SPORT UTILITY / STATION WAGON,,,,
12/31/2016,20:02,,,,,,FRANKLIN AVENUE,,,0,0,0,0,0,0,0,0,Backing Unsafely,Unspecified,,,,3589943,SPORT UTILITY / STATION WAGON,PASSENGER VEHICLE,,,
12/31/2016,20:00,,,,,,88 AVENUE,144 STREET,,0,0,0,0,0,0,0,0,Backing Unsafely,Unspecified,,,,3591631,PASSENGER VEHICLE,PASSENGER VEHICLE,,,
12/31/2016,20:00,MANHATTAN,10039,40.8300385,-73.9366228,"(40.8300385, -73.9366228)",,,2960      8 AVENUE,0,0,0,0,0,0,0,0,Unspecified,,,,,3590539,PASSENGER VEHICLE,,,,
12/31/2016,20:00,MANHATTAN,10031,40.8245097,-73.9518505,"(40.8245097, -73.9518505)",WEST 142 STREET,BROADWAY,,0,0,0,0,0,0,0,0,Unspecified,,,,,3590707,SPORT UTILITY / STATION WAGON,,,,
12/31/2016,20:00,BROOKLYN,11213,,,,ATLANTIC AVENUE,UTICA AVENUE,,0,0,0,0,0,0,0,0,Unspecified,,,,,3591758,PASSENGER VEHICLE,,,,
12/31/2016,20:00,BRONX,10459,40.8314683,-73.889139,"(40.8314683, -73.889139)",,,1455      VYSE AVENUE,0,0,0,0,0,0,0,0,Unspecified,,,,,3589927,MOTORCYCLE,,,,
12/31/2016,1:53,MANHATTAN,10019,40.7611268,-73.9869399,"(40.7611268, -73.9869399)",,,790       8 AVENUE,0,0,0,0,0,0,0,0,Driver Inattention/Distraction,Unspecified,,,,3590672,TAXI,PASSENGER VEHICLE,,,
12/31/2016,1:51,BRONX,10472,40.8302171,-73.8527241,"(40.8302171, -73.8527241)",,,2148      HAVILAND AVENUE,0,0,0,0,0,0,0,0,Driver Inattention/Distraction,Unspecified,Unspecified,,,3590418,PASSENGER VEHICLE,PASSENGER VEHICLE,PASSENGER VEHICLE,,
12/31/2016,1:50,BROOKLYN,11233,40.6790013,-73.9242018,"(40.6790013, -73.9242018)",,,1884      FULTON STREET,0,0,0,0,0,0,0,0,Other Vehicular,Unspecified,,,,3589901,PASSENGER VEHICLE,,,,
12/31/2016,1:40,,,,,,ULMER STREET,WHITESTONE EXPRESSWAY,,0,0,0,0,0,0,0,0,Turning Improperly,Unspecified,,,,3589987,PASSENGER VEHICLE,PASSENGER VEHICLE,,,
12/31/2016,1:30,BROOKLYN,11211,,,,BEDFORD AVENUE,NORTH 9 STREET,,0,0,0,0,0,0,0,0,Driver Inattention/Distraction,Unspecified,,,,3589770,BICYCLE,TAXI,,,
12/31/2016,1:26,,,,,,BRUCKNER BOULEVARD,BRONX RIVER AVENUE,,0,0,0,0,0,0,0,0,Following Too Closely,Unspecified,,,,3590535,PASSENGER VEHICLE,,,,
12/31/2016,1:25,BRONX,10459,40.8238479,-73.8968586,"(40.8238479, -73.8968586)",INTERVALE AVENUE,EAST 165 STREET,,2,0,0,0,0,0,2,0,Driver Inattention/Distraction,Unspecified,,,,3589720,PASSENGER VEHICLE,PASSENGER VEHICLE,,,
12/31/2016,1:25,,,,,,BOSTON ROAD,BOSTON ROAD,,0,0,0,0,0,0,0,0,Alcohol Involvement,Unspecified,,,,3590097,SPORT UTILITY / STATION WAGON,SPORT UTILITY / STATION WAGON,,,
12/31/2016,1:20,,,,,,,,,3,0,0,0,0,0,3,0,Unspecified,Unspecified,,,,3589664,SPORT UTILITY / STATION WAGON,SPORT UTILITY / STATION WAGON,,,
12/31/2016,1:20,,,,,,MURRAY STREET,,,0,0,0,0,0,0,0,0,Traffic Control Disregarded,Unspecified,Unspecified,,,3589643,PASSENGER VEHICLE,PASSENGER VEHICLE,PASSENGER VEHICLE,,
12/31/2016,1:20,BROOKLYN,11249,40.7192284,-73.9628969,"(40.7192284, -73.9628969)",KENT AVENUE,NORTH 5 STREET,,0,0,0,0,0,0,0,0,View Obstructed/Limited,Unspecified,,,,3589769,PASSENGER VEHICLE,TAXI,,,
12/31/2016,1:20,BROOKLYN,11228,40.6163135,-74.0008248,"(40.6163135, -74.0008248)",BAY RIDGE PARKWAY,16 AVENUE,,0,0,0,0,0,0,0,0,Driver Inattention/Distraction,Unspecified,,,,3591869,SPORT UTILITY / STATION WAGON,,,,
12/31/2016,1:10,,,,,,DRIGGS AVENUE,,,0,0,0,0,0,0,0,0,Failure to Yield Right-of-Way,Unspecified,,,,3589724,PASSENGER VEHICLE,PASSENGER VEHICLE,,,
12/31/2016,1:03,QUEENS,11367,40.7180285,-73.819881,"(40.7180285, -73.819881)",141 STREET,79 AVENUE,,0,0,0,0,0,0,0,0,Unspecified,Unspecified,,,,3596695,PASSENGER VEHICLE,PICK-UP TRUCK,,,
12/31/2016,1:02,BROOKLYN,11226,40.6542311,-73.959567,"(40.6542311, -73.959567)",,,761       FLATBUSH AVENUE,1,0,0,0,0,0,1,0,Unspecified,Unspecified,,,,3599007,SPORT UTILITY / STATION WAGON,PASSENGER VEHICLE,,,
12/31/2016,1:00,,,,,,,,,0,0,0,0,0,0,0,0,Reaction to Other Uninvolved Vehicle,,,,,3589725,SPORT UTILITY / STATION WAGON,,,,
12/31/2016,1:00,QUEENS,11378,40.7185226,-73.9083093,"(40.7185226, -73.9083093)",59 STREET,FLUSHING AVENUE,,0,0,0,0,0,0,0,0,Unspecified,,,,,3590406,SPORT UTILITY / STATION WAGON,,,,
12/31/2016,1:00,MANHATTAN,10002,40.7166067,-73.9852712,"(40.7166067, -73.9852712)",,,157       BROOME STREET,0,0,0,0,0,0,0,0,Unspecified,,,,,3589609,PASSENGER VEHICLE,,,,
12/31/2016,19:57,MANHATTAN,10034,40.867398,-73.9210332,"(40.867398, -73.9210332)",,,606       WEST 207 STREET,1,0,1,0,0,0,0,0,Unspecified,,,,,3590825,PASSENGER VEHICLE,,,,
12/31/2016,19:55,QUEENS,11432,40.7072929,-73.8042346,"(40.7072929, -73.8042346)",,,153-12    HILLSIDE AVENUE,0,0,0,0,0,0,0,0,Driver Inexperience,Unspecified,,,,3595751,PASSENGER VEHICLE,PASSENGER VEHICLE,,,
12/31/2016,19:45,BROOKLYN,11207,40.679561,-73.8988988,"(40.679561, -73.8988988)",HIGHLAND BOULEVARD,FANCHON PLACE,,0,0,0,0,0,0,0,0,Unspecified,,,,,3589839,SPORT UTILITY / STATION WAGON,,,,
12/31/2016,19:40,,,40.7301399,-73.926926,"(40.7301399, -73.926926)",,,,0,0,0,0,0,0,0,0,Driver Inattention/Distraction,Reaction to Other Uninvolved Vehicle,,,,3589887,PASSENGER VEHICLE,PASSENGER VEHICLE,,,
12/31/2016,19:40,,,40.7170347,-73.8220852,"(40.7170347, -73.8220852)",,,,0,0,0,0,0,0,0,0,Driver Inattention/Distraction,Unspecified,Unspecified,,,3589889,PASSENGER VEHICLE,SPORT UTILITY / STATION WAGON,PASSENGER VEHICLE,,
12/31/2016,19:40,QUEENS,11423,40.7104802,-73.7745575,"(40.7104802, -73.7745575)",,,90-65     185 STREET,0,0,0,0,0,0,0,0,Driver Inattention/Distraction,Unspecified,Unspecified,Unspecified,,3594292,PASSENGER VEHICLE,SPORT UTILITY / STATION WAGON,PASSENGER VEHICLE,PASSENGER VEHICLE,
12/31/2016,19:38,,,,,,CORTELYOU ROAD,CONEY ISLAND AVENUE,,0,0,0,0,0,0,0,0,Failure to Yield Right-of-Way,Unspecified,,,,3591303,SPORT UTILITY / STATION WAGON,PASSENGER VEHICLE,,,
12/31/2016,19:37,MANHATTAN,10001,40.7526874,-74.000527,"(40.7526874, -74.000527)",WEST 31 STREET,10 AVENUE,,1,0,1,0,0,0,0,0,,,,,,3590593,,,,,
12/31/2016,19:30,,,,,,DUMONT AVENUE,,,0,0,0,0,0,0,0,0,Unspecified,Unspecified,,,,3590531,PASSENGER VEHICLE,PASSENGER VEHICLE,,,
12/31/2016,19:22,,,,,,BARTOW AVENUE,,,1,0,0,0,0,0,1,0,Unspecified,Unspecified,,,,3592701,TAXI,SPORT UTILITY / STATION WAGON,,,
12/31/2016,19:20,MANHATTAN,10065,40.7605353,-73.9583509,"(40.7605353, -73.9583509)",YORK AVENUE,EAST 62 STREET,,0,0,0,0,0,0,0,0,Driver Inexperience,Driver Inexperience,,,,3589851,SPORT UTILITY / STATION WAGON,PASSENGER VEHICLE,,,
12/31/2016,19:20,BROOKLYN,11207,40.668801,-73.8838364,"(40.668801, -73.8838364)",,,540       ASHFORD STREET,0,0,0,0,0,0,0,0,Unspecified,Unspecified,,,,3589837,PASSENGER VEHICLE,,,,
12/31/2016,19:15,,,,,,,,1100      SOUTH AVENUE,0,0,0,0,0,0,0,0,Driver Inattention/Distraction,Driver Inattention/Distraction,,,,3590622,SPORT UTILITY / STATION WAGON,PASSENGER VEHICLE,,,
12/31/2016,19:06,BROOKLYN,11210,40.6328856,-73.9476978,"(40.6328856, -73.9476978)",FLATBUSH AVENUE,NOSTRAND AVENUE,,0,0,0,0,0,0,0,0,Driver Inattention/Distraction,Unspecified,,,,3591283,PASSENGER VEHICLE,,,,
12/31/2016,19:00,,,,,,5 AVENUE,,,0,0,0,0,0,0,0,0,Alcohol Involvement,Driver Inexperience,,,,3590689,PASSENGER VEHICLE,TAXI,,,
12/31/2016,18:50,QUEENS,11434,40.6807417,-73.7696248,"(40.6807417, -73.7696248)",174 PLACE,127 AVENUE,,0,0,0,0,0,0,0,0,Driver Inattention/Distraction,Traffic Control Disregarded,,,,3590030,SPORT UTILITY / STATION WAGON,PASSENGER VEHICLE,,,
12/31/2016,18:43,QUEENS,11416,40.6886798,-73.8372287,"(40.6886798, -73.8372287)",97 AVENUE,107 STREET,,0,0,0,0,0,0,0,0,Driver Inattention/Distraction,Unspecified,Unspecified,,,3593093,PASSENGER VEHICLE,PASSENGER VEHICLE,SPORT UTILITY / STATION WAGON,,
12/31/2016,18:40,QUEENS,11694,40.5766582,-73.8592301,"(40.5766582, -73.8592301)",CRONSTON AVENUE,BEACH 140 STREET,,2,0,0,0,0,0,2,0,Failure to Yield Right-of-Way,Unspecified,,,,3592127,PASSENGER VEHICLE,PASSENGER VEHICLE,,,
12/31/2016,18:39,MANHATTAN,10075,40.7700733,-73.9513989,"(40.7700733, -73.9513989)",YORK AVENUE,EAST 77 STREET,,1,0,0,0,1,0,0,0,Driver Inexperience,Unspecified,,,,3589855,TAXI,BICYCLE,,,
12/31/2016,18:30,,,40.70892,-73.99706,"(40.70892, -73.99706)",,,,0,0,0,0,0,0,0,0,Failure to Yield Right-of-Way,Unspecified,,,,3589811,PASSENGER VEHICLE,PASSENGER VEHICLE,,,
12/31/2016,18:30,,,40.687146,-73.8078122,"(40.687146, -73.8078122)",,,,0,0,0,0,0,0,0,0,Unsafe Lane Changing,Unspecified,,,,3590946,PASSENGER VEHICLE,PASSENGER VEHICLE,,,
12/31/2016,18:30,,,,,,WEST 140 STREET,,,0,0,0,0,0,0,0,0,Driver Inattention/Distraction,Unspecified,Unspecified,Unspecified,,3592594,PASSENGER VEHICLE,PASSENGER VEHICLE,PASSENGER VEHICLE,PASSENGER VEHICLE,
12/31/2016,18:30,,,,,,FOREST AVENUE,ORDELL AVENUE,,0,0,0,0,0,0,0,0,Unspecified,Unspecified,,,,3590297,PASSENGER VEHICLE,PASSENGER VEHICLE,,,
12/31/2016,18:30,BROOKLYN,11239,40.65317,-73.866875,"(40.65317, -73.866875)",GATEWAY DRIVE,ERSKINE STREET,,0,0,0,0,0,0,0,0,Turning Improperly,Unspecified,,,,3589838,PASSENGER VEHICLE,SPORT UTILITY / STATION WAGON,,,
12/31/2016,18:28,,,,,,BAINBRIDGE AVENUE,,,1,0,1,0,0,0,0,0,,,,,,3590285,,,,,
12/31/2016,18:25,,,,,,HOWARD AVENUE,,,0,0,0,0,0,0,0,0,Oversized Vehicle,Unspecified,,,,3595220,SPORT UTILITY / STATION WAGON,,,,
12/31/2016,18:20,,,,,,GRANITE STREET,,,0,0,0,0,0,0,0,0,Failure to Yield Right-of-Way,Unspecified,,,,3590970,SPORT UTILITY / STATION WAGON,,,,
12/31/2016,18:15,,,40.6076884,-74.1389164,"(40.6076884, -74.1389164)",,,,0,0,0,0,0,0,0,0,Following Too Closely,Unspecified,,,,3590658,PASSENGER VEHICLE,PASSENGER VEHICLE,,,
12/31/2016,18:13,BRONX,10463,40.8793258,-73.9055852,"(40.8793258, -73.9055852)",,,227       WEST 231 STREET,0,0,0,0,0,0,0,0,Unspecified,Unspecified,,,,3590575,TAXI,PASSENGER VEHICLE,,,
12/31/2016,18:10,,,,,,EAST 54 STREET,,,0,0,0,0,0,0,0,0,Passing or Lane Usage Improper,,,,,3590697,SPORT UTILITY / STATION WAGON,TAXI,,,
12/31/2016,18:10,BROOKLYN,11234,40.5965113,-73.9078755,"(40.5965113, -73.9078755)",FLATBUSH AVENUE,SHORE PARKWAY,,0,0,0,0,0,0,0,0,Failure to Yield Right-of-Way,Unspecified,,,,3590566,PASSENGER VEHICLE,SPORT UTILITY / STATION WAGON,,,
12/31/2016,18:05,BROOKLYN,11230,40.6314942,-73.9718517,"(40.6314942, -73.9718517)",OCEAN PARKWAY,NEWKIRK AVENUE,,0,0,0,0,0,0,0,0,Driver Inattention/Distraction,Unspecified,,,,3591273,PASSENGER VEHICLE,SPORT UTILITY / STATION WAGON,,,
12/31/2016,18:00,,,,,,ATLANTIC AVENUE,,,1,0,0,0,0,0,1,0,Alcohol Involvement,Unspecified,Unspecified,Unspecified,,3592099,PASSENGER VEHICLE,PASSENGER VEHICLE,PASSENGER VEHICLE,PASSENGER VEHICLE,
12/31/2016,18:00,,,,,,MERRICK BOULEVARD,218 STREET,,0,0,0,0,0,0,0,0,Unspecified,,,,,3589880,PASSENGER VEHICLE,,,,
12/31/2016,18:00,,,,,,JEROME AVENUE,,,0,0,0,0,0,0,0,0,Driver Inattention/Distraction,Driver Inattention/Distraction,,,,3590915,PASSENGER VEHICLE,SPORT UTILITY / STATION WAGON,,,
12/31/2016,18:00,QUEENS,11419,40.6910154,-73.8187388,"(40.6910154, -73.8187388)",,,102-12    127 STREET,0,0,0,0,0,0,0,0,Driver Inattention/Distraction,Unspecified,,,,3590585,PASSENGER VEHICLE,SPORT UTILITY / STATION WAGON,,,
12/31/2016,18:00,QUEENS,11419,40.6862342,-73.8241748,"(40.6862342, -73.8241748)",LEFFERTS BOULEVARD,LIBERTY AVENUE,,0,0,0,0,0,0,0,0,Unspecified,Unspecified,,,,3589914,TAXI,SPORT UTILITY / STATION WAGON,,,
12/31/2016,18:00,QUEENS,11375,40.7249661,-73.845503,"(40.7249661, -73.845503)",108 STREET,69 AVENUE,,0,0,0,0,0,0,0,0,Traffic Control Disregarded,Failure to Yield Right-of-Way,,,,3589861,PASSENGER VEHICLE,PASSENGER VEHICLE,,,
12/31/2016,18:00,BROOKLYN,11212,40.6580097,-73.9207657,"(40.6580097, -73.9207657)",EAST 94 STREET,KINGS HIGHWAY,,0,0,0,0,0,0,0,0,Unspecified,Unspecified,,,,3590258,SPORT UTILITY / STATION WAGON,PASSENGER VEHICLE,,,
12/31/2016,17:55,BRONX,10468,40.8602661,-73.9016319,"(40.8602661, -73.9016319)",EAST 184 STREET,WALTON AVENUE,,0,0,0,0,0,0,0,0,Oversized Vehicle,Unspecified,,,,3589895,SPORT UTILITY / STATION WAGON,,,,
12/31/2016,17:50,BROOKLYN,11229,40.6100983,-73.9613729,"(40.6100983, -73.9613729)",AVENUE P,EAST 12 STREET,,1,0,1,0,0,0,0,0,Driver Inattention/Distraction,,,,,3591178,,,,,
12/31/2016,17:50,,,,,,RALPH AVENUE,,,0,0,0,0,0,0,0,0,Driver Inattention/Distraction,Unspecified,,,,3589907,PASSENGER VEHICLE,PASSENGER VEHICLE,,,
12/31/2016,17:50,QUEENS,11413,40.6497248,-73.7559115,"(40.6497248, -73.7559115)",,,230-79    ROCKAWAY BOULEVARD,0,0,0,0,0,0,0,0,Unspecified,Unspecified,,,,3589881,SPORT UTILITY / STATION WAGON,PASSENGER VEHICLE,,,
12/31/2016,17:50,QUEENS,11106,40.7594573,-73.9358814,"(40.7594573, -73.9358814)",36 AVENUE,22 STREET,,0,0,0,0,0,0,0,0,Driver Inattention/Distraction,Unspecified,,,,3590001,PASSENGER VEHICLE,PASSENGER VEHICLE,,,
12/31/2016,17:45,BRONX,10470,40.8953759,-73.8635575,"(40.8953759, -73.8635575)",EAST 233 STREET,WEBSTER AVENUE,,0,0,0,0,0,0,0,0,Unspecified,Unspecified,,,,3590140,PICK-UP TRUCK,,,,
12/31/2016,17:40,,,,,,210 STREET,HORACE HARDING EXPRESSWAY,,0,0,0,0,0,0,0,0,Following Too Closely,Unspecified,,,,3589871,SPORT UTILITY / STATION WAGON,,,,
12/31/2016,17:30,,,40.6399995,-74.0244118,"(40.6399995, -74.0244118)",,,,0,0,0,0,0,0,0,0,Unspecified,Unspecified,,,,3590054,SPORT UTILITY / STATION WAGON,SPORT UTILITY / STATION WAGON,,,
12/31/2016,17:30,,,,,,GRAND ARMY PLAZA,,,0,0,0,0,0,0,0,0,Following Too Closely,Unspecified,,,,3590696,SPORT UTILITY / STATION WAGON,PICK-UP TRUCK,,,
12/31/2016,17:30,QUEENS,11418,40.7042121,-73.8369635,"(40.7042121, -73.8369635)",PARK LANE SOUTH,115 STREET,,0,0,0,0,0,0,0,0,Unsafe Speed,Backing Unsafely,,,,3590557,PASSENGER VEHICLE,PASSENGER VEHICLE,,,
12/31/2016,17:30,QUEENS,11354,40.764651,-73.823484,"(40.764651, -73.823484)",PARSONS BOULEVARD,NORTHERN BOULEVARD,,0,0,0,0,0,0,0,0,Backing Unsafely,Unspecified,,,,3589953,PASSENGER VEHICLE,,,,
12/31/2016,17:30,QUEENS,11106,40.7624223,-73.9194033,"(40.7624223, -73.9194033)",,,36-01     31 AVENUE,0,0,0,0,0,0,0,0,Driver Inattention/Distraction,Driver Inattention/Distraction,,,,3590002,PASSENGER VEHICLE,PASSENGER VEHICLE,,,
12/31/2016,17:30,MANHATTAN,10012,40.7259426,-74.0007685,"(40.7259426, -74.0007685)",,,444       WEST BROADWAY,0,0,0,0,0,0,0,0,Driver Inattention/Distraction,Unspecified,,,,3590712,SPORT UTILITY / STATION WAGON,,,,
12/31/2016,17:30,BROOKLYN,11229,40.5948543,-73.9556493,"(40.5948543, -73.9556493)",EAST 15 STREET,GRAVESEND NECK ROAD,,0,0,0,0,0,0,0,0,Backing Unsafely,Unspecified,,,,3591791,PASSENGER VEHICLE,,,,
12/31/2016,17:30,BROOKLYN,11213,40.672703,-73.93635,"(40.672703, -73.93635)",TROY AVENUE,PARK PLACE,,0,0,0,0,0,0,0,0,Unspecified,Unspecified,,,,3592664,PASSENGER VEHICLE,PASSENGER VEHICLE,,,
12/31/2016,17:30,BROOKLYN,11209,40.6250475,-74.0244495,"(40.6250475, -74.0244495)",81 STREET,5 AVENUE,,0,0,0,0,0,0,0,0,Driver Inattention/Distraction,Driver Inattention/Distraction,,,,3590052,PASSENGER VEHICLE,SPORT UTILITY / STATION WAGON,,,
12/31/2016,17:26,,,,,,GLENMORE AVENUE,,,1,0,1,0,0,0,0,0,Driver Inexperience,,,,,3589835,SPORT UTILITY / STATION WAGON,,,,
12/31/2016,17:20,MANHATTAN,10069,40.7741151,-73.988627,"(40.7741151, -73.988627)",WEST 63 STREET,WEST END AVENUE,,1,0,1,0,0,0,0,0,Driver Inattention/Distraction,,,,,3589885,SPORT UTILITY / STATION WAGON,,,,
12/31/2016,17:20,,,,,,FOREST AVENUE,UNION AVENUE,,0,0,0,0,0,0,0,0,Driver Inattention/Distraction,Unspecified,Unspecified,,,3590994,PASSENGER VEHICLE,PASSENGER VEHICLE,PASSENGER VEHICLE,,
12/31/2016,17:19,,,,,,EAST 86 STREET,,,0,0,0,0,0,0,0,0,Backing Unsafely,,,,,3589910,PASSENGER VEHICLE,,,,
12/31/2016,17:13,BRONX,10465,40.8285193,-73.8411794,"(40.8285193, -73.8411794)",BRUCKNER BOULEVARD,BRUSH AVENUE,,0,0,0,0,0,0,0,0,Unspecified,Unspecified,,,,3591318,TAXI,PASSENGER VEHICLE,,,
12/31/2016,17:05,,,,,,MEEKER AVENUE,MORGAN AVENUE,,0,0,0,0,0,0,0,0,Passing or Lane Usage Improper,Unspecified,,,,3589886,PASSENGER VEHICLE,PASSENGER VEHICLE,,,
12/31/2016,17:05,,,,,,CROSS BRONX SERVICE ROAD,noble ave,,0,0,0,0,0,0,0,0,Following Too Closely,Unspecified,,,,3590611,PASSENGER VEHICLE,,,,
12/31/2016,17:01,BRONX,10472,40.8286604,-73.8782347,"(40.8286604, -73.8782347)",BOYNTON AVENUE,WESTCHESTER AVENUE,,0,0,0,0,0,0,0,0,Driver Inattention/Distraction,Unspecified,,,,3590609,PASSENGER VEHICLE,SPORT UTILITY / STATION WAGON,,,
12/31/2016,17:00,BRONX,10472,40.8341831,-73.8785643,"(40.8341831, -73.8785643)",WARD AVENUE,EAST 174 STREET,,1,0,0,0,1,0,0,0,Failure to Yield Right-of-Way,Pedestrian/Bicyclist/Other Pedestrian Error/Confusion,,,,3590604,SPORT UTILITY / STATION WAGON,BICYCLE,,,
12/31/2016,17:00,,,,,,CARVER LOOP,,,0,0,0,0,0,0,0,0,Following Too Closely,Unspecified,,,,3590074,TAXI,PASSENGER VEHICLE,,,
12/31/2016,17:00,QUEENS,11373,40.733967,-73.87177,"(40.733967, -73.87177)",,,90-15     QUEENS BOULEVARD,0,0,0,0,0,0,0,0,Unspecified,,,,,3590329,PICK-UP TRUCK,,,,
12/31/2016,17:00,QUEENS,11105,40.7821561,-73.9144324,"(40.7821561, -73.9144324)",,,21-04     21 AVENUE,0,0,0,0,0,0,0,0,Driver Inattention/Distraction,Unspecified,,,,3590000,SPORT UTILITY / STATION WAGON,SPORT UTILITY / STATION WAGON,,,
12/31/2016,17:00,MANHATTAN,10022,40.7631145,-73.9738465,"(40.7631145, -73.9738465)",,,741       5 AVENUE,0,0,0,0,0,0,0,0,View Obstructed/Limited,Following Too Closely,,,,3590695,SPORT UTILITY / STATION WAGON,,,,
12/31/2016,16:57,STATEN ISLAND,10306,40.5812422,-74.0984395,"(40.5812422, -74.0984395)",HYLAN BOULEVARD,JEFFERSON AVENUE,,0,0,0,0,0,0,0,0,Driver Inattention/Distraction,Driver Inattention/Distraction,,,,3590023,PASSENGER VEHICLE,PASSENGER VEHICLE,,,
12/31/2016,16:53,QUEENS,11691,40.5953606,-73.7675177,"(40.5953606, -73.7675177)",EDGEMERE AVENUE,BEACH 35 STREET,,0,0,0,0,0,0,0,0,Unsafe Speed,Unspecified,Unspecified,,,3590200,SPORT UTILITY / STATION WAGON,PASSENGER VEHICLE,PASSENGER VEHICLE,,
12/31/2016,16:50,STATEN ISLAND,10310,40.6347481,-74.114537,"(40.6347481, -74.114537)",NORTH BURGHER AVENUE,CASTLETON AVENUE,,0,0,0,0,0,0,0,0,Accelerator Defective,,,,,3590369,PASSENGER VEHICLE,,,,
12/31/2016,16:50,QUEENS,11372,40.7495516,-73.8861679,"(40.7495516, -73.8861679)",80 STREET,37 AVENUE,,0,0,0,0,0,0,0,0,Driver Inexperience,Unspecified,,,,3590777,PASSENGER VEHICLE,,,,
12/31/2016,16:50,BRONX,10469,40.8768094,-73.847092,"(40.8768094, -73.847092)",,,3483      BOSTON ROAD,0,0,0,0,0,0,0,0,Unsafe Lane Changing,Unspecified,,,,3590142,PASSENGER VEHICLE,,,,
12/31/2016,16:45,MANHATTAN,10017,40.7536248,-73.9694324,"(40.7536248, -73.9694324)",EAST 48 STREET,2 AVENUE,,0,0,0,0,0,0,0,0,Driver Inattention/Distraction,Driver Inattention/Distraction,,,,3589793,TAXI,,,,
12/31/2016,16:45,BROOKLYN,11203,40.6581196,-73.9339965,"(40.6581196, -73.9339965)",WINTHROP STREET,SCHENECTADY AVENUE,,0,0,0,0,0,0,0,0,Driver Inattention/Distraction,Outside Car Distraction,Unspecified,,,3589983,SPORT UTILITY / STATION WAGON,SPORT UTILITY / STATION WAGON,PASSENGER VEHICLE,,
12/31/2016,16:40,QUEENS,11420,40.6798185,-73.830721,"(40.6798185, -73.830721)",,,109-02    109 AVENUE,0,0,0,0,0,0,0,0,Driver Inattention/Distraction,Driver Inattention/Distraction,,,,3589915,PASSENGER VEHICLE,PASSENGER VEHICLE,,,
12/31/2016,16:40,BROOKLYN,11228,40.6180871,-74.0227324,"(40.6180871, -74.0227324)",BATTERY AVENUE,88 STREET,,0,0,0,0,0,0,0,0,Unspecified,Unspecified,,,,3590053,PASSENGER VEHICLE,SPORT UTILITY / STATION WAGON,,,
12/31/2016,16:35,,,,,,,,,0,0,0,0,0,0,0,0,Driver Inattention/Distraction,,,,,3591085,SPORT UTILITY / STATION WAGON,,,,
12/31/2016,16:35,,,,,,NORTH AVENUE,LIVERMORE AVENUE,,0,0,0,0,0,0,0,0,Failure to Yield Right-of-Way,Failure to Yield Right-of-Way,,,,3590623,PASSENGER VEHICLE,PASSENGER VEHICLE,,,
12/31/2016,16:33,,,,,,BRUCKNER BOULEVARD,EAST 138 STREET,,1,0,0,0,0,0,1,0,Driver Inattention/Distraction,Unspecified,,,,3591198,PASSENGER VEHICLE,PASSENGER VEHICLE,,,
12/31/2016,16:30,,,,,,WEST 172 STREET,,,0,0,0,0,0,0,0,0,Brakes Defective,Unspecified,,,,3589892,PASSENGER VEHICLE,PICK-UP TRUCK,,,
12/31/2016,16:30,,,,,,SNYDER AVENUE,,,0,0,0,0,0,0,0,0,Unspecified,Unspecified,,,,3590253,SPORT UTILITY / STATION WAGON,SPORT UTILITY / STATION WAGON,,,
12/31/2016,16:30,,,,,,23 AVENUE,,,0,0,0,0,0,0,0,0,Failure to Yield Right-of-Way,Unspecified,Unspecified,Unspecified,,3589947,PASSENGER VEHICLE,PASSENGER VEHICLE,SPORT UTILITY / STATION WAGON,PASSENGER VEHICLE,
12/31/2016,16:30,QUEENS,11368,40.7435066,-73.8515516,"(40.7435066, -73.8515516)",53 AVENUE,111 STREET,,0,0,0,0,0,0,0,0,Driver Inattention/Distraction,Unspecified,,,,3590344,PASSENGER VEHICLE,PASSENGER VEHICLE,,,
12/31/2016,16:30,QUEENS,11354,40.7639882,-73.8088872,"(40.7639882, -73.8088872)",,,156-18    NORTHERN BOULEVARD,0,0,0,0,0,0,0,0,Turning Improperly,Unspecified,,,,3589946,PASSENGER VEHICLE,SPORT UTILITY / STATION WAGON,,,
12/31/2016,16:30,MANHATTAN,10033,40.8549162,-73.9360388,"(40.8549162, -73.9360388)",WEST 187 STREET,OVERLOOK TERRACE,,0,0,0,0,0,0,0,0,Driver Inattention/Distraction,,,,,3590826,PASSENGER VEHICLE,,,,
12/31/2016,16:30,BROOKLYN,11203,40.6552747,-73.931772,"(40.6552747, -73.931772)",LENOX ROAD,EAST 49 STREET,,0,0,0,0,0,0,0,0,Unspecified,Unspecified,,,,3590254,SPORT UTILITY / STATION WAGON,SPORT UTILITY / STATION WAGON,,,
12/31/2016,16:23,MANHATTAN,10034,40.8651071,-73.9184473,"(40.8651071, -73.9184473)",POST AVENUE,10 AVENUE,,0,0,0,0,0,0,0,0,Driver Inattention/Distraction,Unspecified,,,,3590823,SPORT UTILITY / STATION WAGON,SPORT UTILITY / STATION WAGON,,,
12/31/2016,16:20,,,,,,MERRICK BOULEVARD,,,0,0,0,0,0,0,0,0,Following Too Closely,Unspecified,,,,3589816,PASSENGER VEHICLE,,,,
12/31/2016,16:20,BROOKLYN,11209,40.623954,-74.0290925,"(40.623954, -74.0290925)",,,363       85 STREET,0,0,0,0,0,0,0,0,Unspecified,,,,,3590051,PASSENGER VEHICLE,,,,
12/31/2016,15:35,,,,,,EAST FORDHAM ROAD,,,0,0,0,0,0,0,0,0,Failure to Yield Right-of-Way,Following Too Closely,,,,3590400,PICK-UP TRUCK,PASSENGER VEHICLE,,,
12/31/2016,15:35,BRONX,10467,,,,,,2515      BOSTON ROAD,0,0,0,0,0,0,0,0,Alcohol Involvement,Unspecified,,,,3590888,PASSENGER VEHICLE,PASSENGER VEHICLE,,,
12/31/2016,15:30,,,,,,BAY PARKWAY,,,0,0,0,0,0,0,0,0,Passing or Lane Usage Improper,Unspecified,,,,3589810,PASSENGER VEHICLE,,,,
12/31/2016,15:30,QUEENS,11385,40.703333,-73.8637955,"(40.703333, -73.8637955)",MYRTLE AVENUE,85 STREET,,0,0,0,0,0,0,0,0,Reaction to Other Uninvolved Vehicle,Unspecified,,,,3590415,SPORT UTILITY / STATION WAGON,SPORT UTILITY / STATION WAGON,,,
12/31/2016,15:30,QUEENS,11354,40.7589491,-73.8319096,"(40.7589491, -73.8319096)",ROOSEVELT AVENUE,PRINCE STREET,,0,0,0,0,0,0,0,0,Unspecified,,,,,3589954,SPORT UTILITY / STATION WAGON,SPORT UTILITY / STATION WAGON,,,
12/31/2016,15:30,BRONX,10467,40.8680875,-73.8653273,"(40.8680875, -73.8653273)",,,2903      HOLLAND AVENUE,0,0,0,0,0,0,0,0,Unspecified,Unspecified,,,,3590886,SPORT UTILITY / STATION WAGON,,,,
12/31/2016,15:25,MANHATTAN,10029,40.7896243,-73.9400667,"(40.7896243, -73.9400667)",1 AVENUE,EAST 106 STREET,,1,0,0,0,0,0,1,0,Passing or Lane Usage Improper,Unspecified,,,,3590171,SPORT UTILITY / STATION WAGON,PASSENGER VEHICLE,,,
12/31/2016,15:24,BRONX,10459,40.8210693,-73.8989332,"(40.8210693, -73.8989332)",EAST 163 STREET,WESTCHESTER AVENUE,,1,0,0,0,0,0,1,0,Unspecified,,,,,3590195,PASSENGER VEHICLE,,,,
12/31/2016,15:20,,,,,,BRIGHTWATER COURT,,,0,0,0,0,0,0,0,0,Driver Inattention/Distraction,Driver Inattention/Distraction,,,,3591405,PASSENGER VEHICLE,PASSENGER VEHICLE,,,
12/31/2016,15:15,,,,,,RICHMOND ROAD,,,0,0,0,0,0,0,0,0,Following Too Closely,Unspecified,,,,3589783,SPORT UTILITY / STATION WAGON,PASSENGER VEHICLE,,,
12/31/2016,15:10,QUEENS,11377,40.7444713,-73.9115071,"(40.7444713, -73.9115071)",ROOSEVELT AVENUE,53 STREET,,1,0,1,0,0,0,0,0,Unspecified,,,,,3590310,SPORT UTILITY / STATION WAGON,,,,
12/31/2016,15:07,BRONX,10456,40.8369817,-73.906921,"(40.8369817, -73.906921)",,,1430      WEBSTER AVENUE,0,0,0,0,0,0,0,0,Aggressive Driving/Road Rage,Aggressive Driving/Road Rage,,,,3591957,PASSENGER VEHICLE,SPORT UTILITY / STATION WAGON,,,
12/31/2016,15:00,,,,,,,,BRISTOL STREET,0,0,0,0,0,0,0,0,Pedestrian/Bicyclist/Other Pedestrian Error/Confusion,Unspecified,,,,3589967,SPORT UTILITY / STATION WAGON,SPORT UTILITY / STATION WAGON,,,
12/31/2016,15:00,,,,,,,,283       PLATINUM AVENUE,0,0,0,0,0,0,0,0,Unspecified,,,,,3589772,PASSENGER VEHICLE,,,,
12/31/2016,15:00,,,,,,9 AVENUE,,,0,0,0,0,0,0,0,0,Driver Inattention/Distraction,Unspecified,,,,3590685,PASSENGER VEHICLE,PASSENGER VEHICLE,,,
12/31/2016,15:00,QUEENS,11420,40.6702684,-73.8209761,"(40.6702684, -73.8209761)",,,135-46    LEFFERTS BOULEVARD,0,0,0,0,0,0,0,0,Following Too Closely,Unspecified,,,,3589912,PASSENGER VEHICLE,PASSENGER VEHICLE,,,
12/31/2016,15:00,QUEENS,11419,40.6889926,-73.8170639,"(40.6889926, -73.8170639)",LIBERTY AVENUE,128 STREET,,0,0,0,0,0,0,0,0,Backing Unsafely,Unspecified,,,,3589913,PASSENGER VEHICLE,PASSENGER VEHICLE,,,
12/31/2016,15:00,QUEENS,11374,40.7303349,-73.8676226,"(40.7303349, -73.8676226)",BOOTH STREET,62 AVENUE,,0,0,0,0,0,0,0,0,Failure to Yield Right-of-Way,Unspecified,Unspecified,,,3589788,PASSENGER VEHICLE,PASSENGER VEHICLE,SPORT UTILITY / STATION WAGON,,
12/31/2016,15:00,QUEENS,11354,40.7596798,-73.8323482,"(40.7596798, -73.8323482)",PRINCE STREET,39 AVENUE,,0,0,0,0,0,0,0,0,Passing or Lane Usage Improper,,,,,3589955,SPORT UTILITY / STATION WAGON,SPORT UTILITY / STATION WAGON,,,
12/31/2016,14:50,BRONX,10466,40.8966948,-73.85351,"(40.8966948, -73.85351)",EAST 237 STREET,BYRON AVENUE,,1,0,0,0,0,0,1,0,Driver Inattention/Distraction,Unspecified,,,,3590139,PASSENGER VEHICLE,SPORT UTILITY / STATION WAGON,,,
12/31/2016,14:50,BROOKLYN,11214,40.6024219,-73.9945838,"(40.6024219, -73.9945838)",86 STREET,BAY 29 STREET,,0,0,0,0,0,0,0,0,Failure to Yield Right-of-Way,Unspecified,,,,3589815,PASSENGER VEHICLE,PASSENGER VEHICLE,,,
12/31/2016,14:50,BRONX,10475,40.8844583,-73.8328255,"(40.8844583, -73.8328255)",,,4008      BOSTON ROAD,0,0,0,0,0,0,0,0,Driver Inattention/Distraction,Unspecified,,,,3590148,PASSENGER VEHICLE,PICK-UP TRUCK,,,
12/31/2016,14:50,BRONX,10472,40.8275168,-73.8531565,"(40.8275168, -73.8531565)",,,1012      OLMSTEAD AVENUE,0,0,0,0,0,0,0,0,Passing or Lane Usage Improper,Unspecified,,,,3590600,PASSENGER VEHICLE,,,,
12/31/2016,14:48,QUEENS,11101,40.7471204,-73.9423823,"(40.7471204, -73.9423823)",44 DRIVE,JACKSON AVENUE,,0,0,0,0,0,0,0,0,Unspecified,,,,,3589749,PASSENGER VEHICLE,,,,
12/31/2016,14:45,QUEENS,11385,40.7092662,-73.8700559,"(40.7092662, -73.8700559)",,,80-00     COOPER AVENUE,0,0,0,0,0,0,0,0,Passing or Lane Usage Improper,Backing Unsafely,,,,3590412,PASSENGER VEHICLE,PASSENGER VEHICLE,,,
12/31/2016,14:45,BRONX,10466,40.8885641,-73.8549927,"(40.8885641, -73.8549927)",,,849       EAST 228 STREET,0,0,0,0,0,0,0,0,Unspecified,,,,,3590149,SPORT UTILITY / STATION WAGON,,,,
12/31/2016,14:42,QUEENS,11368,40.7518316,-73.8697743,"(40.7518316, -73.8697743)",,,97-06     37 AVENUE,0,0,0,0,0,0,0,0,Unspecified,,,,,3590775,PASSENGER VEHICLE,PASSENGER VEHICLE,,,
12/31/2016,14:40,,,,,,,,985       RICHMOND AVENUE,0,0,0,0,0,0,0,0,Passing or Lane Usage Improper,Unspecified,,,,3589937,SPORT UTILITY / STATION WAGON,PICK-UP TRUCK,,,
12/31/2016,14:40,,,,,,GRAND AVENUE,69 PLACE,,0,0,0,0,0,0,0,0,Unspecified,Unspecified,,,,3590454,PASSENGER VEHICLE,PASSENGER VEHICLE,,,
12/31/2016,14:34,QUEENS,11363,40.7706748,-73.7354925,"(40.7706748, -73.7354925)",NORTHERN BOULEVARD,LITTLE NECK PARKWAY,,0,0,0,0,0,0,0,0,Traffic Control Disregarded,Traffic Control Disregarded,,,,3589717,PASSENGER VEHICLE,PASSENGER VEHICLE,,,
12/31/2016,14:30,,,,,,INWOOD STREET,,,1,0,0,0,0,0,1,0,Unsafe Speed,View Obstructed/Limited,,,,3589756,SPORT UTILITY / STATION WAGON,PASSENGER VEHICLE,,,
12/31/2016,14:30,BROOKLYN,11234,40.6303234,-73.9212993,"(40.6303234, -73.9212993)",FLATLANDS AVENUE,EAST 57 STREET,,1,0,0,0,0,0,1,0,Following Too Closely,Unspecified,,,,3590563,PASSENGER VEHICLE,,,,
12/31/2016,14:30,,,,,,212 STREET,93 AVENUE,,0,0,0,0,0,0,0,0,Unspecified,Unspecified,,,,3589877,SPORT UTILITY / STATION WAGON,SPORT UTILITY / STATION WAGON,,,
12/31/2016,14:30,QUEENS,11428,40.7146318,-73.7513307,"(40.7146318, -73.7513307)",JAMAICA AVENUE,209 STREET,,0,0,0,0,0,0,0,0,Unsafe Lane Changing,Unspecified,,,,3589879,TAXI,TAXI,,,
12/31/2016,14:30,QUEENS,11378,40.7267009,-73.9003282,"(40.7267009, -73.9003282)",65 PLACE,JAY AVENUE,,0,0,0,0,0,0,0,0,Driver Inattention/Distraction,Driver Inattention/Distraction,,,,3590414,SPORT UTILITY / STATION WAGON,PASSENGER VEHICLE,,,
12/31/2016,14:30,QUEENS,11102,40.7698881,-73.9278061,"(40.7698881, -73.9278061)",21 STREET,30 AVENUE,,0,0,0,0,0,0,0,0,Failure to Yield Right-of-Way,Failure to Yield Right-of-Way,Unspecified,Unspecified,,3594251,PASSENGER VEHICLE,SPORT UTILITY / STATION WAGON,PASSENGER VEHICLE,SPORT UTILITY / STATION WAGON,
12/31/2016,14:30,BROOKLYN,11222,40.7268143,-73.9535446,"(40.7268143, -73.9535446)",LORIMER STREET,MESEROLE AVENUE,,0,0,0,0,0,0,0,0,Unspecified,,,,,3589760,PASSENGER VEHICLE,,,,
12/31/2016,14:30,BRONX,10465,40.828184,-73.8238972,"(40.828184, -73.8238972)",,,3624      EAST TREMONT AVENUE,0,0,0,0,0,0,0,0,Following Too Closely,Unspecified,,,,3590081,SPORT UTILITY / STATION WAGON,PASSENGER VEHICLE,,,
12/31/2016,14:20,BRONX,10463,40.8810202,-73.9033081,"(40.8810202, -73.9033081)",,,5665      BROADWAY,1,0,1,0,0,0,0,0,Unspecified,,,,,3590574,BICYCLE,,,,
12/31/2016,14:18,BRONX,10454,40.8035936,-73.9197796,"(40.8035936, -73.9197796)",SAINT ANNS AVENUE,BRUCKNER BOULEVARD,,1,0,0,0,0,0,1,0,Following Too Closely,Unspecified,,,,3591172,SPORT UTILITY / STATION WAGON,,,,
12/31/2016,14:15,,,,,,MAIN STREET,GRAND CENTRAL PARKWAY,,0,0,0,0,0,0,0,0,Unspecified,Unspecified,,,,3591260,PASSENGER VEHICLE,PASSENGER VEHICLE,,,
12/31/2016,14:15,,,,,,JEROME AVENUE,,,0,0,0,0,0,0,0,0,Unspecified,Unspecified,,,,3589746,PASSENGER VEHICLE,SPORT UTILITY / STATION WAGON,,,
12/31/2016,14:15,,,,,,HEATH AVENUE,BAILEY AVENUE,,0,0,0,0,0,0,0,0,Other Vehicular,Other Vehicular,Unsafe Speed,,,3589745,PASSENGER VEHICLE,SPORT UTILITY / STATION WAGON,,,
12/31/2016,14:15,STATEN ISLAND,10306,40.5786236,-74.1016683,"(40.5786236, -74.1016683)",HYLAN BOULEVARD,BEDFORD AVENUE,,0,0,0,0,0,0,0,0,Turning Improperly,Unspecified,,,,3589909,SPORT UTILITY / STATION WAGON,PASSENGER VEHICLE,,,
12/31/2016,14:15,STATEN ISLAND,10306,40.5677114,-74.1397649,"(40.5677114, -74.1397649)",CLARKE AVENUE,KENSICO STREET,,0,0,0,0,0,0,0,0,Driver Inattention/Distraction,Unspecified,,,,3590947,SPORT UTILITY / STATION WAGON,SPORT UTILITY / STATION WAGON,,,
12/31/2016,14:15,QUEENS,11372,40.7505546,-73.8767101,"(40.7505546, -73.8767101)",,,90-05     37 AVENUE,0,0,0,0,0,0,0,0,Unspecified,Unspecified,,,,3590774,SPORT UTILITY / STATION WAGON,SPORT UTILITY / STATION WAGON,,,
12/31/2016,14:10,,,,,,3 AVENUE,,,0,0,0,0,0,0,0,0,Driver Inattention/Distraction,Unspecified,,,,3589703,SPORT UTILITY / STATION WAGON,SPORT UTILITY / STATION WAGON,,,
12/31/2016,14:07,,,,,,WEST 57 STREET,,,0,0,0,0,0,0,0,0,Unspecified,,,,,3590681,TAXI,,,,
12/31/2016,14:05,QUEENS,11423,40.7134732,-73.7738079,"(40.7134732, -73.7738079)",,,187-18    89 AVENUE,0,0,0,0,0,0,0,0,Unspecified,,,,,3590675,PASSENGER VEHICLE,,,,
12/31/2016,14:00,BROOKLYN,11205,40.6966592,-73.9577345,"(40.6966592, -73.9577345)",,,481       PARK AVENUE,1,0,1,0,0,0,0,0,Unspecified,,,,,3590894,PASSENGER VEHICLE,,,,
12/31/2016,14:00,,,40.743275,-73.77572,"(40.743275, -73.77572)",,,,0,0,0,0,0,0,0,0,Driver Inattention/Distraction,Unspecified,,,,3589753,SPORT UTILITY / STATION WAGON,PASSENGER VEHICLE,,,
12/31/2016,14:00,,,,,,,,2501      FOREST AVENUE,0,0,0,0,0,0,0,0,Unspecified,,,,,3589928,PASSENGER VEHICLE,,,,
12/31/2016,14:00,,,,,,RICHMOND AVENUE,FOREST HILL ROAD,,0,0,0,0,0,0,0,0,Unspecified,Unspecified,,,,3589716,PASSENGER VEHICLE,PASSENGER VEHICLE,,,
12/31/2016,14:00,QUEENS,11427,40.7316801,-73.7415899,"(40.7316801, -73.7415899)",88 AVENUE,HILLSIDE AVENUE,,0,0,0,0,0,0,0,0,Unspecified,,,,,3589876,PASSENGER VEHICLE,,,,
12/31/2016,14:00,QUEENS,11421,40.6851327,-73.8594842,"(40.6851327, -73.8594842)",,,81-05     ATLANTIC AVENUE,0,0,0,0,0,0,0,0,Driver Inattention/Distraction,Unspecified,,,,3590556,SPORT UTILITY / STATION WAGON,PASSENGER VEHICLE,,,
12/31/2016,14:00,BROOKLYN,11238,40.6741709,-73.9567033,"(40.6741709, -73.9567033)",FRANKLIN AVENUE,PARK PLACE,,0,0,0,0,0,0,0,0,Following Too Closely,Unspecified,,,,3591103,PASSENGER VEHICLE,SPORT UTILITY / STATION WAGON,,,
12/31/2016,14:00,BROOKLYN,11236,,,,,,8107      FLATLANDS AVENUE,0,0,0,0,0,0,0,0,Driver Inattention/Distraction,Unspecified,,,,3590590,SPORT UTILITY / STATION WAGON,SPORT UTILITY / STATION WAGON,,,
12/31/2016,14:00,BROOKLYN,11207,40.6689254,-73.887477,"(40.6689254, -73.887477)",SCHENCK AVENUE,BLAKE AVENUE,,0,0,0,0,0,0,0,0,Unspecified,,,,,3589721,PASSENGER VEHICLE,,,,
12/31/2016,14:00,BRONX,10466,40.889112,-73.8300723,"(40.889112, -73.8300723)",,,1578      EAST 233 STREET,0,0,0,0,0,0,0,0,Other Vehicular,Driver Inattention/Distraction,,,,3590778,PASSENGER VEHICLE,PASSENGER VEHICLE,,,
12/31/2016,13:56,BRONX,10459,40.8275324,-73.8863597,"(40.8275324, -73.8863597)",,,1301      WESTCHESTER AVENUE,0,0,0,0,0,0,0,0,Passing or Lane Usage Improper,Unspecified,,,,3589924,PASSENGER VEHICLE,,,,
12/31/2016,13:55,MANHATTAN,10019,40.7661464,-73.9832783,"(40.7661464, -73.9832783)",,,950       8 AVENUE,0,0,0,0,0,0,0,0,Unsafe Lane Changing,Unsafe Lane Changing,,,,3590682,SPORT UTILITY / STATION WAGON,,,,
12/31/2016,13:52,QUEENS,11101,40.7405445,-73.9381983,"(40.7405445, -73.9381983)",30 STREET,HUNTERS POINT AVENUE,,0,0,0,0,0,0,0,0,Driver Inattention/Distraction,Driver Inattention/Distraction,,,,3589751,SPORT UTILITY / STATION WAGON,SPORT UTILITY / STATION WAGON,,,
12/31/2016,13:49,BRONX,10456,40.8254132,-73.9075153,"(40.8254132, -73.9075153)",,,992       BOSTON ROAD,0,0,0,0,0,0,0,0,Driver Inattention/Distraction,Driver Inattention/Distraction,,,,3589925,BICYCLE,PASSENGER VEHICLE,,,
12/31/2016,13:45,QUEENS,11354,40.766308,-73.8142307,"(40.766308, -73.8142307)",150 PLACE,35 AVENUE,,0,0,0,0,0,0,0,0,Failure to Yield Right-of-Way,Failure to Yield Right-of-Way,,,,3590007,SPORT UTILITY / STATION WAGON,PASSENGER VEHICLE,,,
12/31/2016,13:40,BROOKLYN,11233,40.6768131,-73.9192363,"(40.6768131, -73.9192363)",ATLANTIC AVENUE,HOWARD AVENUE,,0,0,0,0,0,0,0,0,Driver Inattention/Distraction,Unspecified,,,,3591021,PASSENGER VEHICLE,PASSENGER VEHICLE,,,
12/31/2016,13:40,BRONX,10469,40.8770335,-73.8463682,"(40.8770335, -73.8463682)",BOSTON ROAD,EASTCHESTER ROAD,,0,0,0,0,0,0,0,0,Following Too Closely,Driver Inattention/Distraction,,,,3590143,PASSENGER VEHICLE,PASSENGER VEHICLE,,,
12/31/2016,13:35,,,,,,48 AVENUE,OCEANIA STREET,,0,0,0,0,0,0,0,0,Following Too Closely,Unspecified,,,,3589712,SPORT UTILITY / STATION WAGON,PASSENGER VEHICLE,,,
12/31/2016,13:30,BRONX,10466,40.8859788,-73.844608,"(40.8859788, -73.844608)",,,1165      EAST 229 STREET,1,0,0,0,0,0,1,0,Reaction to Other Uninvolved Vehicle,Reaction to Other Uninvolved Vehicle,,,,3591249,PASSENGER VEHICLE,PASSENGER VEHICLE,,,
12/31/2016,13:30,QUEENS,11385,40.7042143,-73.876161,"(40.7042143, -73.876161)",73 PLACE,78 AVENUE,,0,0,0,0,0,0,0,0,Unspecified,,,,,3590407,SPORT UTILITY / STATION WAGON,,,,
12/31/2016,13:30,MANHATTAN,10022,40.7618862,-73.9684214,"(40.7618862, -73.9684214)",,,731       LEXINGTON AVENUE,0,0,0,0,0,0,0,0,Unsafe Lane Changing,Unspecified,,,,3589795,PASSENGER VEHICLE,TAXI,,,
12/31/2016,13:16,QUEENS,11367,,,,PARK DRIVE EAST,136 STREET,,0,0,0,0,0,0,0,0,Driver Inexperience,Unspecified,Unspecified,,,3591258,PICK-UP TRUCK,PASSENGER VEHICLE,PASSENGER VEHICLE,,
12/31/2016,13:11,MANHATTAN,10027,40.8133899,-73.9562587,"(40.8133899, -73.9562587)",WEST 125 STREET,AMSTERDAM AVENUE,,0,0,0,0,0,0,0,0,Driver Inattention/Distraction,Unspecified,,,,3594824,SPORT UTILITY / STATION WAGON,,,,
12/31/2016,13:10,QUEENS,11355,40.7584679,-73.8221829,"(40.7584679, -73.8221829)",,,143-35    SANFORD AVENUE,0,0,0,0,0,0,0,0,Backing Unsafely,Unspecified,,,,3590005,SPORT UTILITY / STATION WAGON,SPORT UTILITY / STATION WAGON,,,
12/31/2016,13:10,QUEENS,11355,40.7514564,-73.832275,"(40.7514564, -73.832275)",BLOSSOM AVENUE,COLLEGE POINT BOULEVARD,,0,0,0,0,0,0,0,0,Turning Improperly,Unspecified,,,,3589998,SPORT UTILITY / STATION WAGON,PASSENGER VEHICLE,,,
12/31/2016,13:10,BROOKLYN,11234,40.6259486,-73.9179506,"(40.6259486, -73.9179506)",,,2110      RALPH AVENUE,0,0,0,0,0,0,0,0,Unspecified,,,,,3590552,PICK-UP TRUCK,,,,
12/31/2016,13:06,BRONX,10466,40.8913379,-73.8585167,"(40.8913379, -73.8585167)",WHITE PLAINS ROAD,EAST 230 STREET,,4,0,0,0,0,0,4,0,Driver Inattention/Distraction,Unspecified,,,,3590138,TAXI,PASSENGER VEHICLE,,,
12/31/2016,13:05,MANHATTAN,10038,40.7115076,-74.0076795,"(40.7115076, -74.0076795)",,,15        PARK ROW,1,0,1,0,0,0,0,0,Aggressive Driving/Road Rage,,,,,3590711,PASSENGER VEHICLE,,,,
12/31/2016,13:05,BRONX,10462,40.8523395,-73.8639241,"(40.8523395, -73.8639241)",BRADY AVENUE,ANTIN PLACE,,0,0,0,0,0,0,0,0,Unspecified,Unspecified,,,,3590879,SPORT UTILITY / STATION WAGON,SPORT UTILITY / STATION WAGON,,,
12/31/2016,13:01,BROOKLYN,11218,40.6433056,-73.9740952,"(40.6433056, -73.9740952)",OCEAN PARKWAY,BEVERLEY ROAD,,0,0,0,0,0,0,0,0,Following Too Closely,Unspecified,,,,3589777,SPORT UTILITY / STATION WAGON,SPORT UTILITY / STATION WAGON,,,
12/31/2016,13:00,BROOKLYN,11223,40.6022257,-73.9686554,"(40.6022257, -73.9686554)",EAST 4 STREET,AVENUE S,,2,0,0,0,0,0,2,0,Driver Inattention/Distraction,Driver Inattention/Distraction,Unspecified,,,3590452,SPORT UTILITY / STATION WAGON,PASSENGER VEHICLE,SPORT UTILITY / STATION WAGON,,
12/31/2016,13:00,,,40.769993,-73.915825,"(40.769993, -73.915825)",,,,1,0,0,0,0,0,3,0,Following Too Closely,Unspecified,Unspecified,,,3589992,SPORT UTILITY / STATION WAGON,SPORT UTILITY / STATION WAGON,PASSENGER VEHICLE,,
12/31/2016,13:00,,,,,,BRONX RIVER AVENUE,BRUCKNER BOULEVARD,,0,0,0,0,0,0,0,0,Driver Inattention/Distraction,Driver Inattention/Distraction,,,,3592356,SPORT UTILITY / STATION WAGON,SPORT UTILITY / STATION WAGON,,,
12/31/2016,13:00,QUEENS,11379,40.715671,-73.8762515,"(40.715671, -73.8762515)",JUNIPER VALLEY ROAD,77 PLACE,,0,0,0,0,0,0,0,0,Backing Unsafely,Unspecified,,,,3590408,PASSENGER VEHICLE,PASSENGER VEHICLE,,,
12/31/2016,13:00,BRONX,10454,40.8128971,-73.9221383,"(40.8128971, -73.9221383)",,,350       EAST 143 STREET,0,0,0,0,0,0,0,0,Lane Marking Improper/Inadequate,Unspecified,,,,3591203,PASSENGER VEHICLE,,,,
12/31/2016,12:57,,,,,,WHITE PLAINS ROAD,BRUCKNER BOULEVARD,,0,0,0,0,0,0,0,0,Driver Inattention/Distraction,Passing or Lane Usage Improper,,,,3590569,PASSENGER VEHICLE,PASSENGER VEHICLE,,,
12/31/2016,12:50,STATEN ISLAND,10308,40.5564715,-74.1526283,"(40.5564715, -74.1526283)",HOWTON AVENUE,GIFFORDS LANE,,0,0,0,0,0,0,0,0,Passing or Lane Usage Improper,Unspecified,,,,3590660,SPORT UTILITY / STATION WAGON,SPORT UTILITY / STATION WAGON,,,
12/31/2016,12:46,MANHATTAN,10022,40.756133,-73.9676048,"(40.756133, -73.9676048)",2 AVENUE,EAST 52 STREET,,0,0,0,0,0,0,0,0,Following Too Closely,Unspecified,,,,3589832,PASSENGER VEHICLE,TAXI,,,
12/31/2016,12:45,QUEENS,11361,40.7569079,-73.7676685,"(40.7569079, -73.7676685)",BELL BOULEVARD,47 AVENUE,,0,0,0,0,0,0,0,0,Driver Inattention/Distraction,Driver Inattention/Distraction,,,,3589697,SPORT UTILITY / STATION WAGON,PASSENGER VEHICLE,,,
12/31/2016,12:35,,,,,,CROWN STREET,,,4,0,0,0,0,0,4,0,Driver Inattention/Distraction,Unspecified,,,,3596806,SPORT UTILITY / STATION WAGON,SPORT UTILITY / STATION WAGON,,,
12/31/2016,12:32,QUEENS,11104,40.743808,-73.924258,"(40.743808, -73.924258)",40 STREET,QUEENS BOULEVARD,,1,0,1,0,0,0,0,0,Driver Inattention/Distraction,,,,,3589750,BICYCLE,,,,
12/31/2016,12:30,QUEENS,11415,40.7115173,-73.8266402,"(40.7115173, -73.8266402)",,,123-60    83 AVENUE,0,0,0,0,0,0,0,0,Driver Inattention/Distraction,Driver Inattention/Distraction,,,,3594608,PASSENGER VEHICLE,,,,
12/31/2016,12:30,MANHATTAN,10018,40.7547072,-73.9916334,"(40.7547072, -73.9916334)",WEST 38 STREET,8 AVENUE,,0,0,0,0,0,0,0,0,Driver Inattention/Distraction,Unspecified,,,,3589828,TAXI,TAXI,,,
12/31/2016,12:30,BROOKLYN,11207,40.6582191,-73.8914525,"(40.6582191, -73.8914525)",LINDEN BOULEVARD,SHEFFIELD AVENUE,,0,0,0,0,0,0,0,0,Following Too Closely,Unspecified,Unspecified,,,3589727,PASSENGER VEHICLE,SPORT UTILITY / STATION WAGON,PASSENGER VEHICLE,,
12/31/2016,12:24,BRONX,10475,40.8645493,-73.8297699,"(40.8645493, -73.8297699)",,,100       BAYCHESTER AVENUE,0,0,0,0,0,0,0,0,Driver Inattention/Distraction,Unspecified,,,,3591375,PASSENGER VEHICLE,PASSENGER VEHICLE,,,
12/31/2016,12:20,,,,,,ROCKAWAY BOULEVARD,BROOKVILLE BOULEVARD,,0,0,0,0,0,0,0,0,Reaction to Other Uninvolved Vehicle,,,,,3589875,SPORT UTILITY / STATION WAGON,,,,
12/31/2016,12:10,,,40.6673148,-73.7392454,"(40.6673148, -73.7392454)",,,,1,0,0,0,0,0,1,0,Driver Inattention/Distraction,Unspecified,,,,3589878,PASSENGER VEHICLE,PASSENGER VEHICLE,,,
12/31/2016,12:00,,,,,,120 STREET,LIBERTY AVENUE,,0,0,0,0,0,0,0,0,Unspecified,,,,,3589705,PASSENGER VEHICLE,,,,
12/31/2016,12:00,QUEENS,11433,40.6943025,-73.7951528,"(40.6943025, -73.7951528)",,,108-21    157 STREET,0,0,0,0,0,0,0,0,View Obstructed/Limited,Unspecified,,,,3590674,PASSENGER VEHICLE,,,,
12/31/2016,12:00,MANHATTAN,10019,40.7614506,-73.9867268,"(40.7614506, -73.9867268)",,,807       8 AVENUE,0,0,0,0,0,0,0,0,Unspecified,Unspecified,,,,3590905,SPORT UTILITY / STATION WAGON,SPORT UTILITY / STATION WAGON,,,
12/31/2016,12:00,BRONX,10475,40.8835553,-73.8347553,"(40.8835553, -73.8347553)",BOSTON ROAD,NEEDHAM AVENUE,,0,0,0,0,0,0,0,0,Driver Inattention/Distraction,Unspecified,,,,3590123,PASSENGER VEHICLE,,,,
12/31/2016,12:00,BRONX,10461,40.8453701,-73.8459932,"(40.8453701, -73.8459932)",,,1515      JARRETT PLACE,0,0,0,0,0,0,0,0,Unspecified,,,,,3590869,PASSENGER VEHICLE,,,,
12/31/2016,11:55,,,,,,WEST 5 STREET,,,0,0,0,0,0,0,0,0,Driver Inattention/Distraction,Driver Inattention/Distraction,,,,3591398,SPORT UTILITY / STATION WAGON,SPORT UTILITY / STATION WAGON,,,
12/31/2016,11:50,BROOKLYN,11206,40.7019114,-73.936979,"(40.7019114, -73.936979)",FLUSHING AVENUE,BUSHWICK AVENUE,,2,0,0,0,0,0,2,0,Driver Inattention/Distraction,Unspecified,,,,3589959,PASSENGER VEHICLE,PASSENGER VEHICLE,,,
12/31/2016,11:50,,,,,,ELDER AVENUE,,,0,0,0,0,0,0,0,0,Following Too Closely,Unspecified,Unspecified,,,3589996,SPORT UTILITY / STATION WAGON,SPORT UTILITY / STATION WAGON,,,
12/31/2016,11:45,BROOKLYN,11226,40.6548824,-73.9618804,"(40.6548824, -73.9618804)",PARKSIDE AVENUE,OCEAN AVENUE,,0,0,0,0,0,0,0,0,Turning Improperly,Unspecified,,,,3591268,SPORT UTILITY / STATION WAGON,PASSENGER VEHICLE,,,
12/31/2016,4:50,QUEENS,11378,40.7278781,-73.9065574,"(40.7278781, -73.9065574)",,,59-53     MAURICE AVENUE,0,0,0,0,0,0,0,0,Backing Unsafely,Unspecified,,,,3589660,SPORT UTILITY / STATION WAGON,PASSENGER VEHICLE,,,
12/31/2016,4:30,QUEENS,11374,40.7309325,-73.8645761,"(40.7309325, -73.8645761)",QUEENS BOULEVARD,63 AVENUE,,0,0,0,0,0,0,0,0,Driver Inattention/Distraction,Unspecified,,,,3589521,PASSENGER VEHICLE,SPORT UTILITY / STATION WAGON,,,
12/31/2016,4:28,,,,,,VANDERBILT AVENUE,GRAND ARMY PLAZA,,0,0,0,0,0,0,0,0,Backing Unsafely,Unspecified,,,,3592284,PASSENGER VEHICLE,PASSENGER VEHICLE,,,
12/31/2016,4:25,STATEN ISLAND,10305,40.6001833,-74.064639,"(40.6001833, -74.064639)",LILY POND AVENUE,MAJOR AVENUE,,0,0,0,0,0,0,0,0,Unspecified,Unspecified,,,,3589652,SPORT UTILITY / STATION WAGON,SPORT UTILITY / STATION WAGON,,,
12/31/2016,4:20,,,,,,ASTORIA BOULEVARD,77 STREET,,0,0,0,0,0,0,0,0,Unspecified,Unspecified,,,,3589680,SPORT UTILITY / STATION WAGON,PASSENGER VEHICLE,,,
12/31/2016,4:15,QUEENS,11418,40.6958509,-73.8199806,"(40.6958509, -73.8199806)",,,129-01    ATLANTIC AVENUE,1,0,0,0,0,0,1,0,Alcohol Involvement,,,,,3592878,PASSENGER VEHICLE,,,,
12/31/2016,4:09,,,,,,CASTLE HILL AVENUE,,,0,0,0,0,0,0,0,0,Alcohol Involvement,Unspecified,,,,3590554,SPORT UTILITY / STATION WAGON,,,,
12/31/2016,4:00,,,40.7157218,-73.8257329,"(40.7157218, -73.8257329)",,,,1,0,0,0,0,0,3,0,Pavement Slippery,,,,,3589715,PASSENGER VEHICLE,,,,
12/31/2016,4:00,MANHATTAN,10075,40.7756404,-73.9605114,"(40.7756404, -73.9605114)",PARK AVENUE,EAST 79 STREET,,1,0,0,0,0,0,1,0,Unspecified,Unspecified,,,,3589859,TAXI,PASSENGER VEHICLE,,,
12/31/2016,4:00,BROOKLYN,11228,40.6181772,-73.9992724,"(40.6181772, -73.9992724)",72 STREET,NEW UTRECHT AVENUE,,0,0,0,0,0,0,0,0,Driver Inattention/Distraction,Driver Inattention/Distraction,,,,3589739,SPORT UTILITY / STATION WAGON,SPORT UTILITY / STATION WAGON,,,
12/31/2016,4:00,BROOKLYN,11209,40.6335147,-74.0269494,"(40.6335147, -74.0269494)",3 AVENUE,72 STREET,,0,0,0,0,0,0,0,0,Driver Inattention/Distraction,Unspecified,,,,3590037,PASSENGER VEHICLE,PASSENGER VEHICLE,,,
12/31/2016,3:45,,,,,,EAST 147 STREET,,,0,0,0,0,0,0,0,0,Driver Inattention/Distraction,,,,,3590498,PASSENGER VEHICLE,,,,
12/31/2016,3:40,QUEENS,11369,40.76041,-73.87485,"(40.76041, -73.87485)",94 STREET,31 AVENUE,,5,0,0,0,0,0,10,0,Driver Inattention/Distraction,Unspecified,Unspecified,,,3589681,SPORT UTILITY / STATION WAGON,SPORT UTILITY / STATION WAGON,PASSENGER VEHICLE,,
12/31/2016,3:20,QUEENS,11420,40.6779043,-73.8299471,"(40.6779043, -73.8299471)",109 STREET,ROCKAWAY BOULEVARD,,0,0,0,0,0,0,0,0,Driver Inattention/Distraction,Unspecified,,,,3589513,PASSENGER VEHICLE,SPORT UTILITY / STATION WAGON,,,
12/31/2016,3:10,,,40.7629417,-73.8606614,"(40.7629417, -73.8606614)",,,,0,0,0,0,0,0,0,0,Unspecified,Unspecified,,,,3590769,PASSENGER VEHICLE,,,,
12/31/2016,3:00,,,40.8450624,-73.9168471,"(40.8450624, -73.9168471)",,,,0,0,0,0,0,0,0,0,Alcohol Involvement,Unspecified,,,,3590728,PICK-UP TRUCK,SPORT UTILITY / STATION WAGON,,,
12/31/2016,3:00,,,,,,196 STREET,,,0,0,0,0,0,0,0,0,Driver Inexperience,Unspecified,,,,3590068,SPORT UTILITY / STATION WAGON,,,,
12/31/2016,2:58,,,40.854064,-73.9193524,"(40.854064, -73.9193524)",,,,0,0,0,0,0,0,0,0,Unspecified,,,,,3589515,SPORT UTILITY / STATION WAGON,,,,
12/31/2016,2:45,BROOKLYN,11207,40.6632221,-73.8936503,"(40.6632221, -73.8936503)",RIVERDALE AVENUE,PENNSYLVANIA AVENUE,,1,0,0,0,0,0,1,0,Driver Inattention/Distraction,Unspecified,,,,3589765,PASSENGER VEHICLE,PASSENGER VEHICLE,,,
12/31/2016,2:40,,,,,,,,,0,0,0,0,0,0,0,0,Passing or Lane Usage Improper,Passing or Lane Usage Improper,,,,3590206,PASSENGER VEHICLE,SPORT UTILITY / STATION WAGON,,,
12/31/2016,2:40,BROOKLYN,11234,40.6195715,-73.9335375,"(40.6195715, -73.9335375)",FLATBUSH AVENUE,AVENUE P,,0,0,0,0,0,0,0,0,Following Too Closely,Unspecified,,,,3590551,SPORT UTILITY / STATION WAGON,PASSENGER VEHICLE,,,
12/31/2016,2:39,,,,,,GATES AVENUE,,,2,0,0,0,0,0,2,0,Traffic Control Disregarded,Unspecified,Unspecified,,,3590918,SPORT UTILITY / STATION WAGON,SPORT UTILITY / STATION WAGON,,,
12/31/2016,2:30,MANHATTAN,10027,40.8064122,-73.9482333,"(40.8064122, -73.9482333)",,,147       WEST 122 STREET,0,0,0,0,0,0,0,0,Driver Inattention/Distraction,Unspecified,,,,3590919,TAXI,SPORT UTILITY / STATION WAGON,,,
12/31/2016,2:25,QUEENS,11103,40.7675688,-73.9120144,"(40.7675688, -73.9120144)",,,25-32     STEINWAY STREET,0,0,0,0,0,0,0,0,Alcohol Involvement,Unspecified,,,,3589651,PASSENGER VEHICLE,PASSENGER VEHICLE,,,
12/31/2016,2:20,,,,,,87 STREET,4 AVENUE,,0,0,0,0,0,0,0,0,Unsafe Speed,Alcohol Involvement,Unspecified,Unspecified,,3590045,PASSENGER VEHICLE,PASSENGER VEHICLE,PASSENGER VEHICLE,PASSENGER VEHICLE,
12/31/2016,2:20,MANHATTAN,10033,40.8513337,-73.9399027,"(40.8513337, -73.9399027)",,,839       WEST 181 STREET,0,0,0,0,0,0,0,0,Driver Inattention/Distraction,Unspecified,,,,3591558,TAXI,SPORT UTILITY / STATION WAGON,,,
12/31/2016,2:15,BROOKLYN,11220,40.6439178,-74.0007964,"(40.6439178, -74.0007964)",8 AVENUE,45 STREET,,0,0,0,0,0,0,0,0,Unsafe Speed,Unspecified,,,,3591504,SPORT UTILITY / STATION WAGON,,,,
12/31/2016,2:05,BROOKLYN,11218,40.6433056,-73.9740952,"(40.6433056, -73.9740952)",BEVERLEY ROAD,OCEAN PARKWAY,,0,0,0,0,0,0,0,0,Following Too Closely,Unspecified,,,,3589834,PASSENGER VEHICLE,SPORT UTILITY / STATION WAGON,,,
12/31/2016,2:00,BROOKLYN,11203,40.6606782,-73.9398114,"(40.6606782, -73.9398114)",,,570       ALBANY AVENUE,2,0,0,0,0,0,2,0,Driver Inattention/Distraction,Driver Inattention/Distraction,Unspecified,,,3589650,PASSENGER VEHICLE,SPORT UTILITY / STATION WAGON,PASSENGER VEHICLE,,
12/31/2016,2:00,,,40.8451126,-73.9130181,"(40.8451126, -73.9130181)",,,,1,0,0,0,0,0,1,0,Driver Inattention/Distraction,Following Too Closely,Unspecified,,,3590916,PASSENGER VEHICLE,PASSENGER VEHICLE,PASSENGER VEHICLE,,
12/31/2016,23:55,MANHATTAN,10007,40.7131354,-74.0040581,"(40.7131354, -74.0040581)",CENTRE STREET,CHAMBERS STREET,,0,0,0,0,0,0,0,0,Failure to Yield Right-of-Way,Unspecified,,,,3590317,PASSENGER VEHICLE,PASSENGER VEHICLE,,,
12/31/2016,23:54,,,,,,MARCUS GARVEY BOULEVARD,,,0,0,0,0,0,0,0,0,Following Too Closely,Unspecified,,,,3590279,SPORT UTILITY / STATION WAGON,PASSENGER VEHICLE,,,
12/31/2016,23:50,BROOKLYN,11222,40.7275717,-73.946974,"(40.7275717, -73.946974)",,,64A       JEWEL STREET,0,0,0,0,0,0,0,0,Driver Inattention/Distraction,Unspecified,,,,3590245,SPORT UTILITY / STATION WAGON,,,,
12/31/2016,23:37,BRONX,10472,40.8339146,-73.8764219,"(40.8339146, -73.8764219)",,,1609      EAST 174 STREET,0,0,0,0,0,0,0,0,Brakes Defective,Unspecified,,,,3590615,SPORT UTILITY / STATION WAGON,SPORT UTILITY / STATION WAGON,,,
12/31/2016,23:35,,,,,,CONEY ISLAND AVENUE,DITMAS AVENUE,,0,0,0,0,0,0,0,0,Unsafe Speed,Driver Inexperience,,,,3591510,PASSENGER VEHICLE,SPORT UTILITY / STATION WAGON,,,
12/31/2016,23:33,MANHATTAN,10016,40.7463325,-73.9860838,"(40.7463325, -73.9860838)",,,295       5 AVENUE,2,0,2,0,0,0,0,0,Driver Inattention/Distraction,,,,,3590012,PASSENGER VEHICLE,,,,
12/31/2016,23:30,,,,,,WINTHROP STREET,,,1,0,0,0,0,0,1,0,Traffic Control Disregarded,Unspecified,Unspecified,,,3592520,SPORT UTILITY / STATION WAGON,PASSENGER VEHICLE,PASSENGER VEHICLE,,
12/31/2016,23:30,,,,,,ROGERS AVENUE,,,0,0,0,0,0,0,0,0,Alcohol Involvement,Unspecified,,,,3589984,SPORT UTILITY / STATION WAGON,PASSENGER VEHICLE,,,
12/31/2016,23:15,BROOKLYN,11203,,,,AVENUE D,NEW YORK AVENUE,,4,0,7,0,0,0,0,0,Passing or Lane Usage Improper,,,,,3590262,PASSENGER VEHICLE,,,,
12/31/2016,23:15,QUEENS,11691,,,,BEACH CHANNEL DRIVE,MOTT AVENUE,,3,0,0,0,0,0,6,0,Passing or Lane Usage Improper,Unspecified,Unspecified,Unspecified,Unspecified,3591628,PASSENGER VEHICLE,SPORT UTILITY / STATION WAGON,PASSENGER VEHICLE,PASSENGER VEHICLE,TAXI
12/31/2016,23:15,BROOKLYN,11205,40.693491,-73.9559371,"(40.693491, -73.9559371)",,,916       BEDFORD AVENUE,0,0,0,0,0,0,0,0,Backing Unsafely,Unspecified,,,,3590902,PASSENGER VEHICLE,SPORT UTILITY / STATION WAGON,,,
12/31/2016,23:10,QUEENS,11385,40.707603,-73.87381,"(40.707603, -73.87381)",COOPER AVENUE,78 STREET,,1,0,2,0,0,0,0,0,Driver Inattention/Distraction,,,,,3605260,PASSENGER VEHICLE,,,,
12/31/2016,23:03,,,,,,ATLANTIC AVENUE,,,0,0,0,0,0,0,0,0,Backing Unsafely,Unspecified,Unspecified,,,3589960,PASSENGER VEHICLE,PASSENGER VEHICLE,PASSENGER VEHICLE,,
12/31/2016,23:00,,,,,,QUEENS BOULEVARD,UNION TURNPIKE,,0,0,0,0,0,0,0,0,Unsafe Lane Changing,,,,,3589951,TAXI,PASSENGER VEHICLE,,,
12/31/2016,22:55,MANHATTAN,10019,40.7640008,-73.9901882,"(40.7640008, -73.9901882)",,,440       WEST 50 STREET,0,0,0,0,0,0,0,0,Passing or Lane Usage Improper,Unspecified,,,,3590700,PASSENGER VEHICLE,PASSENGER VEHICLE,,,
12/31/2016,22:52,BROOKLYN,11210,40.6328856,-73.9476978,"(40.6328856, -73.9476978)",FLATBUSH AVENUE,HILLEL PLACE,,0,0,0,0,0,0,0,0,Driver Inattention/Distraction,Unspecified,,,,3591267,SPORT UTILITY / STATION WAGON,,,,
12/31/2016,22:50,,,40.688922,-73.9991472,"(40.688922, -73.9991472)",,,,0,0,0,0,0,0,0,0,Unspecified,Unspecified,,,,3589965,PICK-UP TRUCK,PASSENGER VEHICLE,,,
12/31/2016,22:45,BROOKLYN,11208,40.677771,-73.863909,"(40.677771, -73.863909)",GLENMORE AVENUE,FORBELL STREET,,1,0,0,0,0,0,1,0,Failure to Yield Right-of-Way,Unspecified,,,,3590533,SPORT UTILITY / STATION WAGON,,,,
12/31/2016,22:45,,,,,,WARING AVENUE,,,0,0,0,0,0,0,0,0,Unspecified,,,,,3590969,PASSENGER VEHICLE,,,,
12/31/2016,22:45,BROOKLYN,11208,40.6679546,-73.8700642,"(40.6679546, -73.8700642)",LINDEN BOULEVARD,EUCLID AVENUE,,0,0,0,0,0,0,0,0,Failure to Yield Right-of-Way,Unspecified,,,,3590532,PASSENGER VEHICLE,SPORT UTILITY / STATION WAGON,,,
12/31/2016,22:34,MANHATTAN,10016,40.7438808,-73.9815589,"(40.7438808, -73.9815589)",LEXINGTON AVENUE,EAST 30 STREET,,0,0,0,0,0,0,0,0,Following Too Closely,Following Too Closely,Unspecified,Unspecified,,3589911,PASSENGER VEHICLE,SPORT UTILITY / STATION WAGON,PASSENGER VEHICLE,SPORT UTILITY / STATION WAGON,
12/31/2016,22:30,,,,,,,,,0,0,0,0,0,0,0,0,Unsafe Lane Changing,Unspecified,,,,3590205,SPORT UTILITY / STATION WAGON,PASSENGER VEHICLE,,,
12/31/2016,22:30,,,,,,LIVONIA AVENUE,,,0,0,0,0,0,0,0,0,Unspecified,Unspecified,,,,3590541,PASSENGER VEHICLE,PASSENGER VEHICLE,,,
12/31/2016,22:30,MANHATTAN,10037,40.8181847,-73.937895,"(40.8181847, -73.937895)",,,629       LENOX AVENUE,0,0,0,0,0,0,0,0,Unsafe Speed,,,,,3590558,TAXI,,,,
12/31/2016,22:30,BRONX,10466,40.8896837,-73.8526538,"(40.8896837, -73.8526538)",,,4126      BRONXWOOD AVENUE,0,0,0,0,0,0,0,0,Other Vehicular,,,,,3590108,PASSENGER VEHICLE,,,,
12/31/2016,22:26,BROOKLYN,11230,40.619396,-73.969574,"(40.619396, -73.969574)",OCEAN PARKWAY,AVENUE L,,1,0,0,0,0,0,3,0,Driver Inattention/Distraction,Unspecified,,,,3591505,PASSENGER VEHICLE,TAXI,,,
12/31/2016,22:20,QUEENS,11691,40.5950381,-73.7601623,"(40.5950381, -73.7601623)",SEAGIRT AVENUE,BEACH 27 STREET,,1,0,0,0,0,0,1,0,Unspecified,Unspecified,,,,3590580,SPORT UTILITY / STATION WAGON,PASSENGER VEHICLE,,,
12/31/2016,22:20,,,40.7517671,-73.7474896,"(40.7517671, -73.7474896)",,,,0,0,0,0,0,0,0,0,Unspecified,Unspecified,,,,3589896,SPORT UTILITY / STATION WAGON,PASSENGER VEHICLE,,,
12/31/2016,22:20,,,,,,ROGERS AVENUE,,,0,0,0,0,0,0,0,0,Passing or Lane Usage Improper,Passing or Lane Usage Improper,,,,3589979,PASSENGER VEHICLE,SPORT UTILITY / STATION WAGON,,,
12/31/2016,22:20,MANHATTAN,10002,40.7175611,-73.9799681,"(40.7175611, -73.9799681)",,,80        COLUMBIA STREET,0,0,0,0,0,0,0,0,Driver Inattention/Distraction,Unspecified,,,,3589948,SPORT UTILITY / STATION WAGON,PASSENGER VEHICLE,,,
12/31/2016,22:14,BROOKLYN,11225,40.6651,-73.94538,"(40.6651, -73.94538)",BROOKLYN AVENUE,MONTGOMERY STREET,,1,0,1,0,0,0,0,0,Failure to Yield Right-of-Way,,,,,3589985,PASSENGER VEHICLE,,,,
12/31/2016,22:10,QUEENS,11433,40.6977604,-73.7933174,"(40.6977604, -73.7933174)",107 AVENUE,UNION HALL STREET,,1,0,0,0,0,0,1,0,Driver Inattention/Distraction,Unspecified,,,,3591277,PASSENGER VEHICLE,SPORT UTILITY / STATION WAGON,,,
12/31/2016,22:05,,,40.8451897,-73.9111894,"(40.8451897, -73.9111894)",,,,0,0,0,0,0,0,0,0,Unspecified,,,,,3590940,PASSENGER VEHICLE,,,,
12/31/2016,22:05,,,,,,SHEFFIELD AVENUE,,,0,0,0,0,0,0,0,0,Driver Inattention/Distraction,Unspecified,,,,3590540,PASSENGER VEHICLE,PASSENGER VEHICLE,,,
12/31/2016,22:05,QUEENS,11385,40.6942755,-73.9018516,"(40.6942755, -73.9018516)",WYCKOFF AVENUE,DECATUR STREET,,0,0,0,0,0,0,0,0,Following Too Closely,Unspecified,,,,3590426,PASSENGER VEHICLE,PASSENGER VEHICLE,,,
12/31/2016,22:00,,,40.716713,-73.82782,"(40.716713, -73.82782)",,,,2,0,0,0,0,0,2,0,Driver Inexperience,Unspecified,,,,3590643,PASSENGER VEHICLE,PASSENGER VEHICLE,,,
12/31/2016,22:00,,,40.8230353,-73.9573753,"(40.8230353, -73.9573753)",,,,1,0,0,0,0,0,2,0,Following Too Closely,Alcohol Involvement,,,,3590705,SPORT UTILITY / STATION WAGON,TAXI,,,
12/31/2016,22:00,,,40.6663247,-73.8347993,"(40.6663247, -73.8347993)",,,,0,0,0,0,0,0,0,0,Unspecified,Unspecified,,,,3589917,PASSENGER VEHICLE,PASSENGER VEHICLE,,,
12/31/2016,22:00,QUEENS,11419,40.6943518,-73.8267967,"(40.6943518, -73.8267967)",,,120-02    ATLANTIC AVENUE,0,0,0,0,0,0,0,0,Failure to Yield Right-of-Way,Unspecified,,,,3590647,SPORT UTILITY / STATION WAGON,PASSENGER VEHICLE,,,
12/31/2016,22:00,QUEENS,11367,40.7282837,-73.8294,"(40.7282837, -73.8294)",136 STREET,JEWEL AVENUE,,0,0,0,0,0,0,0,0,Passing or Lane Usage Improper,Unspecified,,,,3589963,SPORT UTILITY / STATION WAGON,SPORT UTILITY / STATION WAGON,,,
12/31/2016,22:00,BROOKLYN,11220,40.637196,-74.00779,"(40.637196, -74.00779)",57 STREET,8 AVENUE,,0,0,0,0,0,0,0,0,Following Too Closely,Unspecified,,,,3591506,SPORT UTILITY / STATION WAGON,PASSENGER VEHICLE,,,
12/31/2016,21:55,BROOKLYN,11219,40.6253932,-74.0005224,"(40.6253932, -74.0005224)",,,1343      65 STREET,0,0,0,0,0,0,0,0,Unspecified,Unspecified,,,,3590047,PASSENGER VEHICLE,PASSENGER VEHICLE,,,
12/31/2016,21:45,STATEN ISLAND,10305,40.5871862,-74.086333,"(40.5871862, -74.086333)",DELAWARE AVENUE,MASON AVENUE,,0,0,0,0,0,0,0,0,Reaction to Other Uninvolved Vehicle,,,,,3590671,PASSENGER VEHICLE,,,,
12/31/2016,21:45,QUEENS,11367,40.7282837,-73.8294,"(40.7282837, -73.8294)",136 STREET,JEWEL AVENUE,,0,0,0,0,0,0,0,0,Driver Inattention/Distraction,Unspecified,,,,3589904,SPORT UTILITY / STATION WAGON,PASSENGER VEHICLE,,,
12/31/2016,21:30,,,40.826526,-73.9311514,"(40.826526, -73.9311514)",,,,1,0,0,0,0,0,2,0,Reaction to Other Uninvolved Vehicle,Reaction to Other Uninvolved Vehicle,,,,3590924,PASSENGER VEHICLE,SPORT UTILITY / STATION WAGON,,,
12/31/2016,21:30,,,40.6672401,-73.7699963,"(40.6672401, -73.7699963)",,,,0,0,0,0,0,0,0,0,Following Too Closely,Unspecified,,,,3589882,SPORT UTILITY / STATION WAGON,SPORT UTILITY / STATION WAGON,,,
12/31/2016,21:30,,,,,,JAMAICA AVENUE,78 STREET,,0,0,0,0,0,0,0,0,Driver Inattention/Distraction,Unspecified,,,,3590586,PASSENGER VEHICLE,SPORT UTILITY / STATION WAGON,,,
12/31/2016,21:30,QUEENS,11426,40.7436257,-73.7183605,"(40.7436257, -73.7183605)",,,252-02    UNION TURNPIKE,0,0,0,0,0,0,0,0,Unspecified,Unspecified,,,,3589971,SPORT UTILITY / STATION WAGON,PASSENGER VEHICLE,,,
12/31/2016,21:30,BROOKLYN,11208,40.6758926,-73.8777025,"(40.6758926, -73.8777025)",,,877       GLENMORE AVENUE,0,0,0,0,0,0,0,0,Unspecified,Unspecified,,,,3592045,PASSENGER VEHICLE,SPORT UTILITY / STATION WAGON,,,
12/31/2016,21:25,,,,,,WEST 178 STREET,,,0,0,0,0,0,0,0,0,Unspecified,Unspecified,,,,3590284,SPORT UTILITY / STATION WAGON,SPORT UTILITY / STATION WAGON,,,
12/31/2016,21:25,BROOKLYN,11208,40.6826644,-73.8681391,"(40.6826644, -73.8681391)",ATLANTIC AVENUE,SHERIDAN AVENUE,,0,0,0,0,0,0,0,0,Driver Inattention/Distraction,Unspecified,,,,3589883,SPORT UTILITY / STATION WAGON,SPORT UTILITY / STATION WAGON,,,
12/31/2016,21:05,,,,,,,,22        HOLLAND AVENUE,1,0,1,0,0,0,0,0,Driver Inattention/Distraction,,,,,3590627,PASSENGER VEHICLE,,,,
12/31/2016,21:00,,,,,,TILLARY STREET,,,0,0,0,0,0,0,0,0,Traffic Control Disregarded,Unspecified,,,,3590960,PASSENGER VEHICLE,,,,
12/31/2016,21:00,,,,,,Queens Midtown Expy,69 place,,0,0,0,0,0,0,0,0,Following Too Closely,Unspecified,,,,3590425,PASSENGER VEHICLE,PASSENGER VEHICLE,,,
12/31/2016,21:00,,,,,,CHURCH AVENUE,,,0,0,0,0,0,0,0,0,Passing or Lane Usage Improper,Unspecified,,,,3589894,TAXI,PASSENGER VEHICLE,,,
12/31/2016,21:00,BROOKLYN,11233,40.680298,-73.9303079,"(40.680298, -73.9303079)",,,94        CHAUNCEY STREET,0,0,0,0,0,0,0,0,Unspecified,,,,,3591668,PASSENGER VEHICLE,,,,
12/31/2016,21:00,BROOKLYN,11210,40.6233394,-73.9423558,"(40.6233394, -73.9423558)",,,1325      EAST 34 STREET,0,0,0,0,0,0,0,0,Failure to Yield Right-of-Way,Unspecified,,,,3590565,PASSENGER VEHICLE,PASSENGER VEHICLE,,,
12/31/2016,21:00,BRONX,10468,40.8628153,-73.90755,"(40.8628153, -73.90755)",WEST FORDHAM ROAD,LORING PLACE NORTH,,0,0,0,0,0,0,0,0,Unspecified,,,,,3590282,PASSENGER VEHICLE,,,,
12/31/2016,21:00,BRONX,10458,40.8708441,-73.8811405,"(40.8708441, -73.8811405)",MARION AVENUE,MOSHOLU PARKWAY,,0,0,0,0,0,0,0,0,Unspecified,,,,,3590286,PASSENGER VEHICLE,,,,
12/31/2016,20:53,,,,,,,,,0,0,0,0,0,0,0,0,Unspecified,Unspecified,Unspecified,,,3590968,PASSENGER VEHICLE,SPORT UTILITY / STATION WAGON,PASSENGER VEHICLE,,
12/31/2016,20:50,QUEENS,11691,40.6095362,-73.7537175,"(40.6095362, -73.7537175)",BEACH CHANNEL DRIVE,HASSOCK STREET,,1,0,0,0,0,0,1,0,Driver Inattention/Distraction,Passing or Lane Usage Improper,,,,3590867,PASSENGER VEHICLE,,,,
12/31/2016,20:50,MANHATTAN,10030,40.8151134,-73.9432627,"(40.8151134, -73.9432627)",,,180       WEST 135 STREET,0,0,0,0,0,0,0,0,Unspecified,Unspecified,,,,3590579,PASSENGER VEHICLE,PASSENGER VEHICLE,,,
12/31/2016,20:47,QUEENS,11434,40.6814735,-73.7846643,"(40.6814735, -73.7846643)",119 AVENUE,LAKEVIEW BOULEVARD EAST,,0,0,0,0,0,0,0,0,Driver Inattention/Distraction,Unspecified,Unspecified,Unspecified,,3590184,SPORT UTILITY / STATION WAGON,PASSENGER VEHICLE,PASSENGER VEHICLE,PASSENGER VEHICLE,
12/31/2016,20:45,MANHATTAN,10016,40.7432053,-73.9799604,"(40.7432053, -73.9799604)",3 AVENUE,EAST 30 STREET,,1,0,0,0,0,0,1,0,Driver Inattention/Distraction,Unspecified,,,,3589908,SPORT UTILITY / STATION WAGON,,,,
12/31/2016,20:45,,,40.71881,-73.83266,"(40.71881, -73.83266)",,,,0,0,0,0,0,0,0,0,Following Too Closely,Unspecified,Unspecified,,,3589890,PASSENGER VEHICLE,SPORT UTILITY / STATION WAGON,PASSENGER VEHICLE,,
12/31/2016,20:44,MANHATTAN,10004,40.7050295,-74.0133268,"(40.7050295, -74.0133268)",BROADWAY,BEAVER STREET,,0,0,0,0,0,0,0,0,Driver Inattention/Distraction,Traffic Control Disregarded,,,,3590713,TAXI,PASSENGER VEHICLE,,,
12/31/2016,20:40,QUEENS,11434,40.6837215,-73.784675,"(40.6837215, -73.784675)",157 STREET,FOCH BOULEVARD,,2,0,0,0,0,0,2,0,Driver Inattention/Distraction,Unspecified,,,,3590034,SPORT UTILITY / STATION WAGON,PASSENGER VEHICLE,,,
12/31/2016,20:35,QUEENS,11385,40.7075511,-73.9040322,"(40.7075511, -73.9040322)",GATES AVENUE,GRANDVIEW AVENUE,,0,0,0,0,0,0,0,0,Failure to Yield Right-of-Way,Unspecified,,,,3590420,PASSENGER VEHICLE,PASSENGER VEHICLE,,,
12/31/2016,20:30,QUEENS,11417,40.67922,-73.8614075,"(40.67922, -73.8614075)",LIBERTY AVENUE,76 STREET,,1,0,1,0,0,0,0,0,Unspecified,,,,,3589916,PASSENGER VEHICLE,,,,
12/31/2016,20:30,,,,,,CAPODANNO BOULEVARD,,,0,0,0,0,0,0,0,0,Animals Action,,,,,3590021,PASSENGER VEHICLE,,,,
12/31/2016,20:30,,,,,,26 AVENUE,206 STREET,,0,0,0,0,0,0,0,0,Unspecified,,,,,3589941,PASSENGER VEHICLE,PASSENGER VEHICLE,,,
12/31/2016,20:30,BROOKLYN,11212,40.65805,-73.9195654,"(40.65805, -73.9195654)",,,361       EAST 95 STREET,0,0,0,0,0,0,0,0,Unspecified,,,,,3590260,SPORT UTILITY / STATION WAGON,,,,
12/31/2016,20:27,STATEN ISLAND,10306,40.574104,-74.13095,"(40.574104, -74.13095)",RICHMOND ROAD,HITCHCOCK AVENUE,,0,0,0,0,0,0,0,0,Driver Inattention/Distraction,Unspecified,,,,3589888,PASSENGER VEHICLE,SPORT UTILITY / STATION WAGON,,,
12/31/2016,20:25,QUEENS,11434,40.6879384,-73.7896266,"(40.6879384, -73.7896266)",LINDEN BOULEVARD,158 STREET,,2,0,0,0,0,0,2,0,Traffic Control Disregarded,Unspecified,,,,3590033,SPORT UTILITY / STATION WAGON,PASSENGER VEHICLE,,,
12/31/2016,20:23,,,,,,EMPIRE BOULEVARD,,,0,0,0,0,0,0,0,0,Aggressive Driving/Road Rage,Unspecified,,,,3590165,SPORT UTILITY / STATION WAGON,PICK-UP TRUCK,,,
12/31/2016,11:42,BROOKLYN,11207,40.6629721,-73.8904896,"(40.6629721, -73.8904896)",,,464       NEW LOTS AVENUE,0,0,0,0,0,0,0,0,Backing Unsafely,Unspecified,,,,3589731,PASSENGER VEHICLE,SPORT UTILITY / STATION WAGON,,,
12/31/2016,11:40,,,,,,HILLSIDE AVENUE,,,0,0,0,0,0,0,0,0,Driver Inattention/Distraction,Unspecified,,,,3589809,SPORT UTILITY / STATION WAGON,PASSENGER VEHICLE,,,
12/31/2016,11:40,BRONX,10455,40.8163066,-73.9080481,"(40.8163066, -73.9080481)",WESTCHESTER AVENUE,JACKSON AVENUE,,0,0,0,0,0,0,0,0,Driver Inattention/Distraction,Unspecified,,,,3591210,PASSENGER VEHICLE,,,,
12/31/2016,11:34,MANHATTAN,10016,40.7456822,-73.9721247,"(40.7456822, -73.9721247)",1 AVENUE,EAST 37 STREET,,1,0,0,0,0,0,1,0,Traffic Control Disregarded,Unspecified,,,,3589833,PASSENGER VEHICLE,SPORT UTILITY / STATION WAGON,,,
12/31/2016,11:30,,,,,,LAURELTON PARKWAY,MERRICK BOULEVARD,,0,0,0,0,0,0,0,0,Unspecified,Unspecified,,,,3589874,PASSENGER VEHICLE,,,,
12/31/2016,11:30,STATEN ISLAND,10309,40.525685,-74.2011291,"(40.525685, -74.2011291)",,,27        SEGUINE AVENUE,0,0,0,0,0,0,0,0,Driver Inattention/Distraction,Unspecified,,,,3589694,PASSENGER VEHICLE,SPORT UTILITY / STATION WAGON,,,
12/31/2016,11:30,BROOKLYN,11214,40.5827053,-73.9862619,"(40.5827053, -73.9862619)",,,2970      CROPSEY AVENUE,0,0,0,0,0,0,0,0,Unspecified,Unspecified,,,,3591401,PASSENGER VEHICLE,,,,
12/31/2016,11:30,BROOKLYN,11212,40.6651942,-73.927094,"(40.6651942, -73.927094)",,,1070      EAST NEW YORK AVENUE,0,0,0,0,0,0,0,0,Brakes Defective,Unspecified,,,,3590249,PASSENGER VEHICLE,PASSENGER VEHICLE,,,
12/31/2016,11:30,BRONX,10474,40.8191275,-73.8857779,"(40.8191275, -73.8857779)",SENECA AVENUE,LONGFELLOW AVENUE,,0,0,0,0,0,0,0,0,Backing Unsafely,Unspecified,,,,3591323,PASSENGER VEHICLE,SPORT UTILITY / STATION WAGON,,,
12/31/2016,11:30,BRONX,10466,40.8969621,-73.8543486,"(40.8969621, -73.8543486)",FURMAN AVENUE,EAST 237 STREET,,0,0,0,0,0,0,0,0,Failure to Yield Right-of-Way,Unspecified,,,,3590141,PASSENGER VEHICLE,PASSENGER VEHICLE,,,
12/31/2016,11:20,BROOKLYN,11225,,,,NOSTRAND AVENUE,MIDWOOD STREET,,0,0,0,0,0,0,0,0,Driver Inattention/Distraction,Driver Inattention/Distraction,,,,3589682,SPORT UTILITY / STATION WAGON,SPORT UTILITY / STATION WAGON,,,
12/31/2016,11:20,BROOKLYN,11201,40.6899711,-73.9825907,"(40.6899711, -73.9825907)",,,2         DE KALB AVENUE,0,0,0,0,0,0,0,0,Backing Unsafely,Unspecified,,,,3589743,PASSENGER VEHICLE,SPORT UTILITY / STATION WAGON,,,
12/31/2016,11:15,MANHATTAN,10013,40.7191932,-73.9998413,"(40.7191932, -73.9998413)",LAFAYETTE STREET,HOWARD STREET,,1,0,0,0,1,0,0,0,Driver Inattention/Distraction,Unspecified,,,,3590319,PASSENGER VEHICLE,BICYCLE,,,
12/31/2016,11:15,,,,,,STILLWELL AVENUE,,,0,0,0,0,0,0,0,0,Driver Inattention/Distraction,Driver Inattention/Distraction,,,,3591397,PASSENGER VEHICLE,SPORT UTILITY / STATION WAGON,,,
12/31/2016,11:15,BROOKLYN,11207,40.6772318,-73.8970132,"(40.6772318, -73.8970132)",,,2644      FULTON STREET,0,0,0,0,0,0,0,0,Unspecified,Unspecified,,,,3589755,SPORT UTILITY / STATION WAGON,TAXI,,,
12/31/2016,9:37,QUEENS,11355,40.7559578,-73.828517,"(40.7559578, -73.828517)",,,41-82     MAIN STREET,0,0,0,0,0,0,0,0,Unspecified,,,,,3589785,SPORT UTILITY / STATION WAGON,,,,
12/31/2016,9:35,BROOKLYN,11235,,,,EAST 16 STREET,SHEEPSHEAD BAY ROAD,,1,0,2,0,0,0,0,0,Unspecified,,,,,3590467,SPORT UTILITY / STATION WAGON,,,,
12/31/2016,9:35,,,,,,HILLSIDE AVENUE,202 STREET,,0,0,0,0,0,0,0,0,Driver Inattention/Distraction,Driver Inattention/Distraction,,,,3590072,PASSENGER VEHICLE,PASSENGER VEHICLE,,,
12/31/2016,9:30,QUEENS,11367,40.717301,-73.8251426,"(40.717301, -73.8251426)",,,135-03    UNION TURNPIKE,0,0,0,0,0,0,0,0,Unspecified,,,,,3589884,SPORT UTILITY / STATION WAGON,,,,
12/31/2016,9:15,QUEENS,11422,40.6626567,-73.7329976,"(40.6626567, -73.7329976)",FRANCIS LEWIS BOULEVARD,249 STREET,,3,0,0,0,0,0,3,0,Unspecified,Unspecified,,,,3589873,PASSENGER VEHICLE,SPORT UTILITY / STATION WAGON,,,
12/31/2016,9:15,,,,,,EAST 196 STREET,,,0,0,0,0,0,0,0,0,Unspecified,Unspecified,,,,3589741,PASSENGER VEHICLE,PASSENGER VEHICLE,,,
12/31/2016,9:00,BROOKLYN,11201,40.7013592,-73.982851,"(40.7013592, -73.982851)",YORK STREET,GOLD STREET,,1,0,0,0,0,0,1,0,Illness,Unspecified,,,,3590948,SPORT UTILITY / STATION WAGON,SPORT UTILITY / STATION WAGON,,,
12/31/2016,9:00,BRONX,10456,40.8279109,-73.9041947,"(40.8279109, -73.9041947)",,,1133      BOSTON ROAD,1,0,1,0,0,0,0,0,Unsafe Speed,,,,,3589936,PASSENGER VEHICLE,,,,
12/31/2016,9:00,,,,,,WILLOUGHBY AVENUE,,,0,0,0,0,0,0,0,0,Other Vehicular,Other Vehicular,,,,3590893,PASSENGER VEHICLE,,,,
12/31/2016,9:00,,,,,,125 STREET,,,0,0,0,0,0,0,0,0,Unspecified,,,,,3590014,SPORT UTILITY / STATION WAGON,,,,
12/31/2016,9:00,QUEENS,11368,40.7432307,-73.8660416,"(40.7432307, -73.8660416)",,,97-19     CORONA AVENUE,0,0,0,0,0,0,0,0,Alcohol Involvement,Unspecified,,,,3592359,PASSENGER VEHICLE,SPORT UTILITY / STATION WAGON,,,
12/31/2016,9:00,BROOKLYN,11210,40.6294805,-73.9444689,"(40.6294805, -73.9444689)",NEW YORK AVENUE,AVENUE I,,0,0,0,0,0,0,0,0,Unspecified,,,,,3590562,SPORT UTILITY / STATION WAGON,,,,
12/31/2016,9:00,BROOKLYN,11206,40.7038636,-73.9383333,"(40.7038636, -73.9383333)",,,377       BUSHWICK AVENUE,0,0,0,0,0,0,0,0,Driver Inattention/Distraction,Unspecified,,,,3589719,PASSENGER VEHICLE,,,,
12/31/2016,8:35,,,40.7408436,-73.7267962,"(40.7408436, -73.7267962)",,,,1,0,0,0,0,0,1,0,Driver Inattention/Distraction,Unspecified,,,,3589868,PASSENGER VEHICLE,PASSENGER VEHICLE,,,
12/31/2016,8:35,BROOKLYN,11203,40.6606563,-73.9303212,"(40.6606563, -73.9303212)",RUTLAND ROAD,EAST 51 STREET,,0,0,0,0,0,0,0,0,Other Vehicular,Unspecified,Unspecified,,,3594298,PASSENGER VEHICLE,PASSENGER VEHICLE,SPORT UTILITY / STATION WAGON,,
12/31/2016,8:35,BRONX,10466,40.8909183,-73.8587599,"(40.8909183, -73.8587599)",,,4109      WHITE PLAINS ROAD,0,0,0,0,0,0,0,0,Unspecified,,,,,3590129,SPORT UTILITY / STATION WAGON,,,,
12/31/2016,8:14,BROOKLYN,11226,40.6457217,-73.9580731,"(40.6457217, -73.9580731)",,,1042      FLATBUSH AVENUE,1,0,0,0,0,0,1,0,Unspecified,Unspecified,,,,3590090,PASSENGER VEHICLE,PASSENGER VEHICLE,,,
12/31/2016,8:00,BROOKLYN,11221,40.6921483,-73.9194594,"(40.6921483, -73.9194594)",GATES AVENUE,EVERGREEN AVENUE,,0,0,0,0,0,0,0,0,Traffic Control Disregarded,Unspecified,,,,3590354,PASSENGER VEHICLE,PASSENGER VEHICLE,,,
12/31/2016,7:51,MANHATTAN,10128,40.7827364,-73.9553364,"(40.7827364, -73.9553364)",EAST 90 STREET,PARK AVENUE,,1,0,0,0,0,0,1,0,Alcohol Involvement,Unspecified,Unspecified,Unspecified,,3590765,PASSENGER VEHICLE,SPORT UTILITY / STATION WAGON,SPORT UTILITY / STATION WAGON,SPORT UTILITY / STATION WAGON,
12/31/2016,7:48,,,,,,WEST 10 STREET,,,0,0,0,0,0,0,0,0,Unspecified,Unspecified,,,,3589646,SPORT UTILITY / STATION WAGON,PASSENGER VEHICLE,,,
12/31/2016,7:45,,,,,,1 AVENUE,,,0,0,0,0,0,0,0,0,Outside Car Distraction,Unspecified,,,,3590868,PASSENGER VEHICLE,PASSENGER VEHICLE,,,
12/31/2016,7:30,,,,,,HEATH AVENUE,BAILEY AVENUE,,0,0,0,0,0,0,0,0,Unspecified,,,,,3589740,SPORT UTILITY / STATION WAGON,,,,
12/31/2016,7:15,BROOKLYN,11237,40.704208,-73.9145686,"(40.704208, -73.9145686)",,,476       HARMAN STREET,0,0,0,0,0,0,0,0,Unspecified,,,,,3590483,SPORT UTILITY / STATION WAGON,,,,
12/31/2016,7:00,QUEENS,11357,40.7892244,-73.8045715,"(40.7892244, -73.8045715)",,,157-23    14 AVENUE,0,0,0,0,0,0,0,0,Driver Inattention/Distraction,Unspecified,Unspecified,,,3589645,SPORT UTILITY / STATION WAGON,PASSENGER VEHICLE,SPORT UTILITY / STATION WAGON,,
12/31/2016,6:50,BROOKLYN,11217,40.6835142,-73.9759509,"(40.6835142, -73.9759509)",ATLANTIC AVENUE,FORT GREENE PLACE,,0,0,0,0,0,0,0,0,Failure to Yield Right-of-Way,Unspecified,,,,3590463,PASSENGER VEHICLE,TAXI,,,
12/31/2016,6:49,,,,,,MONTAUK AVENUE,,,0,0,0,0,0,0,0,0,Driver Inattention/Distraction,Unspecified,,,,3593935,SPORT UTILITY / STATION WAGON,,,,
12/31/2016,6:47,MANHATTAN,10029,40.7861742,-73.945696,"(40.7861742, -73.945696)",EAST 99 STREET,2 AVENUE,,1,0,1,0,0,0,0,0,Pedestrian/Bicyclist/Other Pedestrian Error/Confusion,,,,,3590169,SPORT UTILITY / STATION WAGON,,,,
12/31/2016,6:45,,,,,,MEEKER AVENUE,,,1,0,0,0,0,0,1,0,Driver Inattention/Distraction,,,,,3589773,SPORT UTILITY / STATION WAGON,,,,
12/31/2016,6:35,BROOKLYN,11216,40.6762443,-73.9526858,"(40.6762443, -73.9526858)",ROGERS AVENUE,BERGEN STREET,,0,0,0,0,0,0,0,0,Driver Inattention/Distraction,Unspecified,,,,3599651,PASSENGER VEHICLE,PASSENGER VEHICLE,,,
12/31/2016,6:30,BROOKLYN,11226,40.6448523,-73.9600159,"(40.6448523, -73.9600159)",BEVERLEY ROAD,OCEAN AVENUE,,0,0,0,0,0,0,0,0,Unspecified,Unspecified,,,,3592637,SPORT UTILITY / STATION WAGON,PASSENGER VEHICLE,,,
12/31/2016,6:10,BRONX,10455,40.820822,-73.9156111,"(40.820822, -73.9156111)",MELROSE AVENUE,EAST 156 STREET,,0,0,0,0,0,0,0,0,Unspecified,,,,,3590481,PASSENGER VEHICLE,SPORT UTILITY / STATION WAGON,,,
12/31/2016,6:00,,,40.7004098,-73.8155143,"(40.7004098, -73.8155143)",,,,1,0,0,0,0,0,1,0,Alcohol Involvement,,,,,3592257,SPORT UTILITY / STATION WAGON,,,,
12/31/2016,6:00,,,,,,65 STREET,6 AVENUE,,0,0,0,0,0,0,0,0,Failure to Yield Right-of-Way,Unspecified,,,,3590048,PASSENGER VEHICLE,SPORT UTILITY / STATION WAGON,,,
12/31/2016,6:00,QUEENS,11372,40.7481228,-73.879277,"(40.7481228, -73.879277)",87 STREET,ROOSEVELT AVENUE,,0,0,0,0,0,0,0,0,Alcohol Involvement,,,,,3589683,PASSENGER VEHICLE,,,,
12/31/2016,5:30,BRONX,10466,40.8864677,-73.8510588,"(40.8864677, -73.8510588)",EAST 227 STREET,PAULDING AVENUE,,0,0,0,0,0,0,0,0,Driver Inattention/Distraction,Unspecified,,,,3590086,PASSENGER VEHICLE,PASSENGER VEHICLE,,,
12/31/2016,5:15,BRONX,10470,40.8953759,-73.8635575,"(40.8953759, -73.8635575)",WEBSTER AVENUE,EAST 233 STREET,,1,0,0,0,0,0,1,0,Alcohol Involvement,Unspecified,,,,3590135,PASSENGER VEHICLE,PASSENGER VEHICLE,,,
12/31/2016,5:15,,,,,,,,1710      FOREST HILL ROAD,0,0,0,0,0,0,0,0,Driver Inattention/Distraction,,,,,3589956,PASSENGER VEHICLE,,,,
12/31/2016,5:10,MANHATTAN,10065,40.7633655,-73.9592408,"(40.7633655, -73.9592408)",EAST 65 STREET,1 AVENUE,,0,0,0,0,0,0,0,0,Driver Inattention/Distraction,Unspecified,,,,3589857,PASSENGER VEHICLE,SPORT UTILITY / STATION WAGON,,,
12/31/2016,5:07,MANHATTAN,10022,40.7545048,-73.9656962,"(40.7545048, -73.9656962)",EAST 51 STREET,1 AVENUE,,1,0,0,0,0,0,1,0,Driver Inattention/Distraction,Unspecified,,,,3589796,MOTORCYCLE,PASSENGER VEHICLE,,,
12/31/2016,5:05,,,,,,ALLERTON AVENUE,,,0,0,0,0,0,0,0,0,Driver Inattention/Distraction,Unspecified,,,,3590864,TAXI,PASSENGER VEHICLE,,,
12/31/2016,5:00,QUEENS,11423,40.7065022,-73.7741561,"(40.7065022, -73.7741561)",,,102-01    183 PLACE,0,0,0,0,0,0,0,0,Unspecified,,,,,3590668,PASSENGER VEHICLE,,,,
12/31/2016,5:00,QUEENS,11372,40.7494836,-73.8868826,"(40.7494836, -73.8868826)",,,79-13     37 AVENUE,0,0,0,0,0,0,0,0,Unspecified,Unspecified,,,,3591311,PASSENGER VEHICLE,PASSENGER VEHICLE,,,
12/31/2016,4:55,MANHATTAN,10033,,,,WEST 181 STREET,AMSTERDAM AVENUE,,4,0,0,0,0,0,8,0,Following Too Closely,Driver Inattention/Distraction,Alcohol Involvement,Unspecified,Unspecified,3591560,PASSENGER VEHICLE,PASSENGER VEHICLE,PASSENGER VEHICLE,PASSENGER VEHICLE,
12/31/2016,4:50,,,,,,4 AVENUE,101 STREET,,0,0,0,0,0,0,0,0,Unspecified,Unspecified,,,,3590050,PASSENGER VEHICLE,,,,
12/31/2016,16:20,BRONX,10457,40.8436876,-73.9076597,"(40.8436876, -73.9076597)",EAST 173 STREET,WEEKS AVENUE,,0,0,0,0,0,0,0,0,Driver Inattention/Distraction,Driver Inattention/Distraction,,,,3590698,PASSENGER VEHICLE,PASSENGER VEHICLE,,,
12/31/2016,16:15,BROOKLYN,11239,40.6528929,-73.8667311,"(40.6528929, -73.8667311)",GATEWAY DRIVE,ERSKINE STREET,,1,0,1,0,0,0,0,0,Driver Inattention/Distraction,,,,,3596841,PASSENGER VEHICLE,,,,
12/31/2016,16:15,BROOKLYN,11234,40.6108801,-73.9225288,"(40.6108801, -73.9225288)",,,2045      EAST 52 STREET,0,0,0,0,0,0,0,0,Backing Unsafely,Unspecified,,,,3590564,SPORT UTILITY / STATION WAGON,PASSENGER VEHICLE,,,
12/31/2016,16:15,BROOKLYN,11208,40.6813546,-73.8802127,"(40.6813546, -73.8802127)",HALE AVENUE,FULTON STREET,,0,0,0,0,0,0,0,0,Other Vehicular,,,,,3589840,PASSENGER VEHICLE,,,,
12/31/2016,16:11,BROOKLYN,11219,40.6340612,-74.0041073,"(40.6340612, -74.0041073)",58 STREET,FORT HAMILTON PARKWAY,,1,0,1,0,0,0,0,0,Unspecified,,,,,3589898,PASSENGER VEHICLE,,,,
12/31/2016,16:10,QUEENS,11355,40.7431628,-73.8255511,"(40.7431628, -73.8255511)",MAIN STREET,60 AVENUE,,1,0,0,0,0,0,1,0,Turning Improperly,Unspecified,,,,3589944,PASSENGER VEHICLE,PASSENGER VEHICLE,,,
12/31/2016,16:00,,,,,,REMSEN AVENUE,,,0,0,0,0,0,0,0,0,Unspecified,Unspecified,,,,3590251,PASSENGER VEHICLE,SPORT UTILITY / STATION WAGON,,,
12/31/2016,16:00,,,,,,MULBERRY AVENUE,SLEEPY HOLLOW ROAD,,0,0,0,0,0,0,0,0,Failure to Yield Right-of-Way,Unspecified,Unspecified,,,3590990,PASSENGER VEHICLE,SPORT UTILITY / STATION WAGON,PASSENGER VEHICLE,,
12/31/2016,16:00,,,,,,DECATUR AVENUE,,,0,0,0,0,0,0,0,0,Unspecified,Unspecified,,,,3589747,PASSENGER VEHICLE,PASSENGER VEHICLE,,,
12/31/2016,16:00,MANHATTAN,10036,,,,,,1221      AVENUE OF THE AMERICAS,0,0,0,0,0,0,0,0,Unspecified,,,,,3589805,PASSENGER VEHICLE,,,,
12/31/2016,16:00,BRONX,10460,40.8367349,-73.8858308,"(40.8367349, -73.8858308)",,,961       EAST 174 STREET,0,0,0,0,0,0,0,0,Driver Inattention/Distraction,Driver Inattention/Distraction,,,,3589926,PASSENGER VEHICLE,PASSENGER VEHICLE,,,
12/31/2016,15:57,,,,,,BRONX RIVER PARKWAY,,,0,0,0,0,0,0,0,0,Unspecified,Unspecified,,,,3589843,PASSENGER VEHICLE,PASSENGER VEHICLE,,,
12/31/2016,15:56,,,,,,E 12th St,EAST 80 STREET,,0,0,0,0,0,0,0,0,Unspecified,Unspecified,,,,3590591,PASSENGER VEHICLE,PASSENGER VEHICLE,,,
12/31/2016,15:50,MANHATTAN,10010,40.7332631,-73.9760123,"(40.7332631, -73.9760123)",,,541       EAST 20 STREET,0,0,0,0,0,0,0,0,Driver Inattention/Distraction,Unspecified,,,,3590688,SPORT UTILITY / STATION WAGON,PASSENGER VEHICLE,,,
12/31/2016,15:48,,,,,,FLATLANDS AVENUE,,,0,0,0,0,0,0,0,0,Unspecified,Unspecified,Unspecified,,,3590592,PASSENGER VEHICLE,PASSENGER VEHICLE,PASSENGER VEHICLE,,
12/31/2016,15:45,QUEENS,11412,40.6950258,-73.7564237,"(40.6950258, -73.7564237)",116 AVENUE,196 STREET,,1,0,0,0,0,0,1,0,Driver Inattention/Distraction,Unspecified,,,,3589818,PASSENGER VEHICLE,PASSENGER VEHICLE,,,
12/31/2016,15:40,STATEN ISLAND,10306,,,,HYLAN BOULEVARD,ZWICKY AVENUE,,0,0,0,0,0,0,0,0,Failure to Yield Right-of-Way,Unspecified,,,,3589942,PASSENGER VEHICLE,PASSENGER VEHICLE,,,
12/31/2016,15:40,QUEENS,11354,40.7610935,-73.8268686,"(40.7610935, -73.8268686)",39 AVENUE,UNION STREET,,0,0,0,0,0,0,0,0,Failure to Yield Right-of-Way,Unspecified,,,,3590015,PASSENGER VEHICLE,PASSENGER VEHICLE,,,
12/31/2016,15:37,STATEN ISLAND,10306,40.5646695,-74.1155902,"(40.5646695, -74.1155902)",,,2754      HYLAN BOULEVARD,0,0,0,0,0,0,0,0,Driver Inattention/Distraction,Unspecified,,,,3590022,SPORT UTILITY / STATION WAGON,PASSENGER VEHICLE,,,
12/31/2016,11:00,BROOKLYN,11221,40.6900132,-73.9239838,"(40.6900132, -73.9239838)",,,880       QUINCY STREET,0,0,0,0,0,0,0,0,Driver Inattention/Distraction,Unspecified,,,,3589695,PASSENGER VEHICLE,PASSENGER VEHICLE,,,
12/31/2016,11:00,BROOKLYN,11221,40.6888102,-73.9361981,"(40.6888102, -73.9361981)",,,221       LEWIS AVENUE,0,0,0,0,0,0,0,0,Aggressive Driving/Road Rage,Unspecified,Unspecified,,,3589906,PASSENGER VEHICLE,PASSENGER VEHICLE,PICK-UP TRUCK,,
12/31/2016,11:00,BROOKLYN,11204,40.6095141,-73.9895663,"(40.6095141, -73.9895663)",BAY RIDGE PARKWAY,21 AVENUE,,0,0,0,0,0,0,0,0,Passing or Lane Usage Improper,Unspecified,,,,3589958,SPORT UTILITY / STATION WAGON,,,,
12/31/2016,10:50,,,,,,FOREST AVENUE,JEWETT AVENUE,,0,0,0,0,0,0,0,0,Following Too Closely,Unspecified,,,,3589767,PASSENGER VEHICLE,PASSENGER VEHICLE,,,
12/31/2016,10:48,QUEENS,11378,40.7246181,-73.897759,"(40.7246181, -73.897759)",,,66-40     GRAND AVENUE,0,0,0,0,0,0,0,0,Driver Inattention/Distraction,Unspecified,,,,3590437,PASSENGER VEHICLE,,,,
12/31/2016,10:40,,,,,,COOK STREET,,,0,0,0,0,0,0,0,0,Oversized Vehicle,Unspecified,Unspecified,,,3589779,PASSENGER VEHICLE,,,,
12/31/2016,10:35,BROOKLYN,11207,40.6626738,-73.8973673,"(40.6626738, -73.8973673)",WILLIAMS AVENUE,RIVERDALE AVENUE,,0,0,0,0,0,0,0,0,Traffic Control Disregarded,Unspecified,Unspecified,Unspecified,,3589736,PASSENGER VEHICLE,PASSENGER VEHICLE,PASSENGER VEHICLE,PASSENGER VEHICLE,
12/31/2016,10:30,,,40.81821,-73.96144,"(40.81821, -73.96144)",,,,1,0,0,0,0,0,2,0,Following Too Closely,Driver Inattention/Distraction,Unspecified,,,3592653,PASSENGER VEHICLE,PASSENGER VEHICLE,PASSENGER VEHICLE,,
12/31/2016,10:30,BROOKLYN,11203,40.6387858,-73.9453727,"(40.6387858, -73.9453727)",NEW YORK AVENUE,FOSTER AVENUE,,1,0,1,0,0,0,0,0,Unsafe Speed,,,,,3590259,,,,,
12/31/2016,10:30,,,,,,,,1744      FOREST HILL ROAD,0,0,0,0,0,0,0,0,Unspecified,,,,,3589714,PASSENGER VEHICLE,,,,
12/31/2016,10:30,,,,,,JAMAICA AVENUE,,,0,0,0,0,0,0,0,0,Driver Inattention/Distraction,Unspecified,,,,3590537,PASSENGER VEHICLE,SPORT UTILITY / STATION WAGON,,,
12/31/2016,10:30,,,,,,HUNTERS POINT AVENUE,34 STREET,,0,0,0,0,0,0,0,0,Backing Unsafely,Unspecified,,,,3589752,PASSENGER VEHICLE,SPORT UTILITY / STATION WAGON,,,
12/31/2016,10:30,,,,,,CONDUIT BOULEVARD,LIBERTY AVENUE,,0,0,0,0,0,0,0,0,Driver Inattention/Distraction,Unspecified,,,,3589730,SPORT UTILITY / STATION WAGON,PASSENGER VEHICLE,,,
12/31/2016,10:30,MANHATTAN,10036,40.7579074,-73.9892976,"(40.7579074, -73.9892976)",WEST 43 STREET,8 AVENUE,,0,0,0,0,0,0,0,0,Driver Inattention/Distraction,Following Too Closely,,,,3589827,TAXI,PASSENGER VEHICLE,,,
12/31/2016,10:30,MANHATTAN,10024,,,,AMSTERDAM AVENUE,WEST 86 STREET,,0,0,0,0,0,0,0,0,Driver Inattention/Distraction,Unspecified,,,,3589776,PASSENGER VEHICLE,,,,
12/31/2016,10:30,MANHATTAN,10024,40.7876856,-73.9750141,"(40.7876856, -73.9750141)",AMSTERDAM AVENUE,WEST 86 STREET,,0,0,0,0,0,0,0,0,Driver Inattention/Distraction,Unspecified,,,,3590538,SPORT UTILITY / STATION WAGON,,,,
12/31/2016,10:20,,,,,,MONROE STREET,,,0,0,0,0,0,0,0,0,Driver Inattention/Distraction,,,,,3590890,PASSENGER VEHICLE,,,,
12/31/2016,10:20,,,,,,BAYCHESTER AVENUE,,,0,0,0,0,0,0,0,0,Turning Improperly,Unspecified,,,,3590134,PASSENGER VEHICLE,PASSENGER VEHICLE,,,
12/31/2016,10:14,,,,,,YORK STREET,,,0,0,0,0,0,0,0,0,Driver Inattention/Distraction,Unspecified,,,,3589744,SPORT UTILITY / STATION WAGON,,,,
12/31/2016,10:05,BRONX,10467,40.8773934,-73.8664909,"(40.8773934, -73.8664909)",WHITE PLAINS ROAD,EAST GUN HILL ROAD,,0,0,0,0,0,0,0,0,Following Too Closely,Unspecified,,,,3590136,PASSENGER VEHICLE,PASSENGER VEHICLE,,,
12/31/2016,10:00,QUEENS,11428,40.7146318,-73.7513307,"(40.7146318, -73.7513307)",JAMAICA AVENUE,209 STREET,,0,0,0,0,0,0,0,0,Reaction to Other Uninvolved Vehicle,,,,,3589872,PASSENGER VEHICLE,,,,
12/31/2016,0:58,BROOKLYN,11207,40.668475,-73.8960174,"(40.668475, -73.8960174)",,,350       SHEFFIELD AVENUE,0,0,0,0,0,0,0,0,Unspecified,,,,,3592100,SPORT UTILITY / STATION WAGON,,,,
12/31/2016,0:50,STATEN ISLAND,10306,40.577945,-74.1023153,"(40.577945, -74.1023153)",HYLAN BOULEVARD,MIDLAND AVENUE,,0,0,0,0,0,0,0,0,Driver Inattention/Distraction,Unspecified,,,,3589511,PICK-UP TRUCK,SPORT UTILITY / STATION WAGON,,,
12/31/2016,0:50,QUEENS,11413,40.6649806,-73.7471651,"(40.6649806, -73.7471651)",,,230-20    LANSING AVENUE,0,0,0,0,0,0,0,0,Backing Unsafely,Unspecified,,,,3589512,SPORT UTILITY / STATION WAGON,PASSENGER VEHICLE,,,
12/31/2016,0:40,BROOKLYN,11226,40.6548405,-73.9596963,"(40.6548405, -73.9596963)",FLATBUSH AVENUE,WOODRUFF AVENUE,,1,0,0,0,0,0,1,0,Passing or Lane Usage Improper,Passing or Lane Usage Improper,,,,3590202,SPORT UTILITY / STATION WAGON,,,,
12/31/2016,0:30,,,,,,,,,0,0,0,0,0,0,0,0,Following Too Closely,Unspecified,,,,3590573,PASSENGER VEHICLE,PASSENGER VEHICLE,,,
12/31/2016,0:30,,,40.6232768,-74.0414903,"(40.6232768, -74.0414903)",,,,0,0,0,0,0,0,0,0,Reaction to Other Uninvolved Vehicle,Unspecified,,,,3589866,PASSENGER VEHICLE,PASSENGER VEHICLE,,,
12/31/2016,0:30,,,,,,BEDFORD AVENUE,,,0,0,0,0,0,0,0,0,Unspecified,,,,,3590248,SPORT UTILITY / STATION WAGON,,,,
12/31/2016,0:26,BRONX,10467,,,,,,2487      BARNES AVENUE,0,0,0,0,0,0,0,0,Unspecified,Unspecified,,,,3590851,SPORT UTILITY / STATION WAGON,SPORT UTILITY / STATION WAGON,,,
12/31/2016,0:25,MANHATTAN,10128,40.7838551,-73.946189,"(40.7838551, -73.946189)",,,306       EAST 96 STREET,0,0,0,0,0,0,0,0,Following Too Closely,Unspecified,,,,3589856,SPORT UTILITY / STATION WAGON,PASSENGER VEHICLE,,,
12/31/2016,0:15,MANHATTAN,10001,40.7557807,-74.0019852,"(40.7557807, -74.0019852)",WEST 34 STREET,11 AVENUE,,0,0,0,0,0,0,0,0,Turning Improperly,Unspecified,,,,3591340,,,,,
12/31/2016,0:09,BRONX,10456,40.8201136,-73.9081874,"(40.8201136, -73.9081874)",EAST 158 STREET,CAULDWELL AVENUE,,0,0,0,0,0,0,0,0,Other Vehicular,Unspecified,,,,3591209,SPORT UTILITY / STATION WAGON,,,,
12/31/2016,0:08,MANHATTAN,10001,40.749242,-73.9864478,"(40.749242, -73.9864478)",,,29        WEST 34 STREET,0,0,0,0,0,0,0,0,Turning Improperly,Unspecified,,,,3589825,TAXI,SPORT UTILITY / STATION WAGON,,,
12/31/2016,0:05,MANHATTAN,10003,40.731659,-73.9854447,"(40.731659, -73.9854447)",EAST 13 STREET,2 AVENUE,,0,0,0,0,0,0,0,0,Driver Inattention/Distraction,Unspecified,,,,3590617,TAXI,TAXI,,,
12/31/2016,0:05,MANHATTAN,10001,40.750206,-74.00234,"(40.750206, -74.00234)",10 AVENUE,WEST 27 STREET,,0,0,0,0,0,0,0,0,Following Too Closely,Unspecified,,,,3603484,TAXI,TAXI,,,
12/31/2016,0:04,MANHATTAN,10010,40.7397724,-73.9853888,"(40.7397724, -73.9853888)",,,120       EAST 23 STREET,0,0,0,0,0,0,0,0,Driver Inattention/Distraction,Driver Inattention/Distraction,Unspecified,,,3590753,TAXI,PASSENGER VEHICLE,PASSENGER VEHICLE,,
12/31/2016,0:01,QUEENS,11379,40.7178297,-73.8723912,"(40.7178297, -73.8723912)",FURMANVILLE AVENUE,80 STREET,,0,0,0,0,0,0,0,0,Unspecified,Unspecified,,,,3590404,SPORT UTILITY / STATION WAGON,PASSENGER VEHICLE,,,
12/31/2016,0:00,QUEENS,11419,40.68514,-73.8206,"(40.68514, -73.8206)",107 AVENUE,122 STREET,,3,0,0,0,0,0,9,0,Driver Inattention/Distraction,Driver Inattention/Distraction,Unspecified,Unspecified,,3590904,PASSENGER VEHICLE,PASSENGER VEHICLE,PASSENGER VEHICLE,PASSENGER VEHICLE,
12/31/2016,0:00,,,,,,NEWKIRK AVENUE,,,0,0,0,0,0,0,0,0,Aggressive Driving/Road Rage,,,,,3590243,TAXI,PASSENGER VEHICLE,,,
12/31/2016,0:00,QUEENS,11417,40.6745572,-73.859593,"(40.6745572, -73.859593)",SUTTER AVENUE,NORTH CONDUIT AVENUE,,0,0,0,0,0,0,0,0,Driver Inattention/Distraction,Driver Inattention/Distraction,,,,3589709,PASSENGER VEHICLE,PASSENGER VEHICLE,,,
12/31/2016,0:00,MANHATTAN,10037,40.8204372,-73.9362273,"(40.8204372, -73.9362273)",WEST 145 STREET,LENOX AVENUE,,0,0,0,0,0,0,0,0,Other Vehicular,Following Too Closely,,,,3590510,PASSENGER VEHICLE,PASSENGER VEHICLE,,,
12/31/2016,0:00,BROOKLYN,11226,40.6467068,-73.965467,"(40.6467068, -73.965467)",MARLBOROUGH ROAD,ALBEMARLE ROAD,,0,0,0,0,0,0,0,0,Unspecified,,,,,3590110,PASSENGER VEHICLE,,,,
12/31/2016,0:00,BROOKLYN,11221,40.6851801,-73.9334866,"(40.6851801, -73.9334866)",,,616       JEFFERSON AVENUE,0,0,0,0,0,0,0,0,Unspecified,,,,,3590605,SPORT UTILITY / STATION WAGON,,,,
12/31/2016,0:00,BROOKLYN,11217,40.6844745,-73.9740576,"(40.6844745, -73.9740576)",,,165       SOUTH PORTLAND AVENUE,0,0,0,0,0,0,0,0,Unspecified,,,,,3589691,SPORT UTILITY / STATION WAGON,,,,
12/31/2016,0:00,BRONX,10472,40.8262577,-73.8824631,"(40.8262577, -73.8824631)",,,1123      CLOSE AVENUE,0,0,0,0,0,0,0,0,Passing or Lane Usage Improper,Unspecified,,,,3590517,TAXI,,,,
12/31/2016,11:15,BRONX,10467,40.8613463,-73.8674847,"(40.8613463, -73.8674847)",WHITE PLAINS ROAD,WARING AVENUE,,0,0,0,0,0,0,0,0,Unspecified,Unspecified,,,,3590875,SPORT UTILITY / STATION WAGON,SPORT UTILITY / STATION WAGON,,,
12/31/2016,11:09,QUEENS,11420,40.6728065,-73.8085465,"(40.6728065, -73.8085465)",,,119-79    130 STREET,1,0,1,0,0,0,0,0,Driver Inattention/Distraction,,,,,3590456,PASSENGER VEHICLE,,,,
12/31/2016,11:05,MANHATTAN,10037,40.8115922,-73.9384936,"(40.8115922, -73.9384936)",,,2186      5 AVENUE,0,0,0,0,0,0,0,0,Driver Inattention/Distraction,Driver Inattention/Distraction,,,,3590511,SPORT UTILITY / STATION WAGON,SPORT UTILITY / STATION WAGON,,,
12/31/2016,11:00,,,,,,BAY STREET,VICTORY BOULEVARD,,0,0,0,0,0,0,0,0,Passing or Lane Usage Improper,Unspecified,,,,3590382,PASSENGER VEHICLE,SPORT UTILITY / STATION WAGON,,,
12/31/2016,11:00,QUEENS,11368,40.7486341,-73.860516,"(40.7486341, -73.860516)",,,104-57    42nd Ave,0,0,0,0,0,0,0,0,Driver Inattention/Distraction,Unspecified,,,,3590335,PASSENGER VEHICLE,,,,
12/31/2016,11:00,BROOKLYN,11229,40.5991464,-73.9535506,"(40.5991464, -73.9535506)",EAST 18 STREET,AVENUE U,,0,0,0,0,0,0,0,0,Backing Unsafely,Unspecified,,,,3590468,PASSENGER VEHICLE,SPORT UTILITY / STATION WAGON,,,
